-- MySQL

create database if not exists HackerRank;
use HackerRank;

-- Subdomains: AdvancedSelect

drop table if exists Company;
create table Company (
  company_code varchar(5),
  founder      varchar(20)
);

drop table if exists Lead_Manager;
create table Lead_Manager (
  lead_manager_code varchar(5),
  company_code      varchar(5)
);

drop table if exists Senior_Manager;
create table Senior_Manager (
  senior_manager_code varchar(5),
  lead_manager_code   varchar(5),
  company_code        varchar(5)
);

drop table if exists Manager;
create table Manager (
  manager_code        varchar(5),
  senior_manager_code varchar(5),
  lead_manager_code   varchar(5),
  company_code        varchar(5)
);

drop table if exists Employee;
create table Employee (
  employee_code       varchar(5),
  manager_code        varchar(5),
  senior_manager_code varchar(5),
  lead_manager_code   varchar(5),
  company_code        varchar(5)
);


insert into Company values
  ('C1',   'Angela'),
  ('C2',   'Frank'),
  ('C3',   'Patrick'),
  ('C4',   'Lisa'),
  ('C5',   'Kimberly'),
  ('C6',   'Bonnie'),
  ('C7',   'Michael'),
  ('C8',   'Todd'),
  ('C9',   'Joe'),
  ('C10',  'Earl'),
  ('C11',  'Robert'),
  ('C12',  'Amy'),
  ('C13',  'Pamela'),
  ('C14',  'Maria'),
  ('C15',  'Joe'),
  ('C16',  'Linda'),
  ('C17',  'Melissa'),
  ('C18',  'Carol'),
  ('C19',  'Paula'),
  ('C20',  'Marilyn'),
  ('C21',  'Jennifer'),
  ('C22',  'Harry'),
  ('C23',  'David'),
  ('C24',  'Julia'),
  ('C25',  'Kevin'),
  ('C26',  'Paul'),
  ('C27',  'James'),
  ('C28',  'Kelly'),
  ('C29',  'Robin'),
  ('C30',  'Ralph'),
  ('C31',  'Gloria'),
  ('C32',  'Victor'),
  ('C33',  'David'),
  ('C34',  'Joyce'),
  ('C35',  'Donna'),
  ('C36',  'Michelle'),
  ('C37',  'Stephanie'),
  ('C38',  'Gerald'),
  ('C39',  'Walter'),
  ('C40',  'Christina'),
  ('C41',  'Brandon'),
  ('C42',  'Elizabeth'),
  ('C43',  'Joseph'),
  ('C44',  'Lawrence'),
  ('C45',  'Marilyn'),
  ('C46',  'Lori'),
  ('C47',  'Matthew'),
  ('C48',  'Jesse'),
  ('C49',  'John'),
  ('C50',  'Martha'),
  ('C51',  'Timothy'),
  ('C52',  'Christine'),
  ('C53',  'Anthony'),
  ('C54',  'Paula'),
  ('C55',  'Kimberly'),
  ('C56',  'Louise'),
  ('C57',  'Martin'),
  ('C58',  'Paul'),
  ('C59',  'Antonio'),
  ('C60',  'Jacqueline'),
  ('C61',  'Diana'),
  ('C62',  'John'),
  ('C63',  'Dorothy'),
  ('C64',  'Evelyn'),
  ('C65',  'Phillip'),
  ('C66',  'Evelyn'),
  ('C67',  'Debra'),
  ('C68',  'David'),
  ('C69',  'Willie'),
  ('C70',  'Brandon'),
  ('C71',  'Ann'),
  ('C72',  'Emily'),
  ('C73',  'Dorothy'),
  ('C74',  'Jonathan'),
  ('C75',  'Dorothy'),
  ('C76',  'Marilyn'),
  ('C77',  'Norma'),
  ('C78',  'Nancy'),
  ('C79',  'Andrew'),
  ('C80',  'Keith'),
  ('C81',  'Benjamin'),
  ('C82',  'Charles'),
  ('C83',  'Alan'),
  ('C84',  'Tammy'),
  ('C85',  'Anna'),
  ('C86',  'James'),
  ('C87',  'Robin'),
  ('C88',  'Jean'),
  ('C89',  'Andrew'),
  ('C90',  'Roy'),
  ('C91',  'Diana'),
  ('C92',  'Christina'),
  ('C93',  'Jesse'),
  ('C94',  'Joyce'),
  ('C95',  'Patricia'),
  ('C96',  'Gregory'),
  ('C97',  'Brian'),
  ('C98',  'Christine'),
  ('C99',  'Lillian'),
  ('C100', 'Aaron');

insert into Lead_Manager values
  ('LM1',   'C1'),
  ('LM1',   'C1'),
  ('LM2',   'C2'),
  ('LM3',   'C3'),
  ('LM3',   'C3'),
  ('LM4',   'C4'),
  ('LM5',   'C5'),
  ('LM5',   'C5'),
  ('LM6',   'C6'),
  ('LM7',   'C7'),
  ('LM8',   'C8'),
  ('LM9',   'C9'),
  ('LM10',  'C10'),
  ('LM11',  'C11'),
  ('LM12',  'C12'),
  ('LM12',  'C12'),
  ('LM13',  'C13'),
  ('LM13',  'C13'),
  ('LM14',  'C14'),
  ('LM15',  'C15'),
  ('LM16',  'C16'),
  ('LM17',  'C17'),
  ('LM17',  'C17'),
  ('LM18',  'C18'),
  ('LM18',  'C18'),
  ('LM19',  'C19'),
  ('LM19',  'C19'),
  ('LM20',  'C20'),
  ('LM21',  'C21'),
  ('LM22',  'C22'),
  ('LM23',  'C23'),
  ('LM24',  'C24'),
  ('LM25',  'C25'),
  ('LM26',  'C26'),
  ('LM27',  'C27'),
  ('LM28',  'C28'),
  ('LM28',  'C28'),
  ('LM29',  'C29'),
  ('LM29',  'C29'),
  ('LM30',  'C30'),
  ('LM31',  'C31'),
  ('LM32',  'C32'),
  ('LM32',  'C32'),
  ('LM33',  'C33'),
  ('LM33',  'C33'),
  ('LM34',  'C34'),
  ('LM34',  'C34'),
  ('LM35',  'C35'),
  ('LM35',  'C35'),
  ('LM36',  'C36'),
  ('LM36',  'C36'),
  ('LM37',  'C37'),
  ('LM38',  'C38'),
  ('LM38',  'C38'),
  ('LM39',  'C39'),
  ('LM40',  'C40'),
  ('LM41',  'C41'),
  ('LM41',  'C41'),
  ('LM42',  'C42'),
  ('LM42',  'C42'),
  ('LM43',  'C43'),
  ('LM43',  'C43'),
  ('LM44',  'C44'),
  ('LM45',  'C45'),
  ('LM46',  'C46'),
  ('LM46',  'C46'),
  ('LM47',  'C47'),
  ('LM47',  'C47'),
  ('LM48',  'C48'),
  ('LM49',  'C49'),
  ('LM50',  'C50'),
  ('LM51',  'C51'),
  ('LM51',  'C51'),
  ('LM52',  'C52'),
  ('LM53',  'C53'),
  ('LM54',  'C54'),
  ('LM54',  'C54'),
  ('LM55',  'C55'),
  ('LM55',  'C55'),
  ('LM56',  'C56'),
  ('LM57',  'C57'),
  ('LM58',  'C58'),
  ('LM58',  'C58'),
  ('LM59',  'C59'),
  ('LM60',  'C60'),
  ('LM61',  'C61'),
  ('LM62',  'C62'),
  ('LM62',  'C62'),
  ('LM63',  'C63'),
  ('LM63',  'C63'),
  ('LM64',  'C64'),
  ('LM65',  'C65'),
  ('LM65',  'C65'),
  ('LM66',  'C66'),
  ('LM66',  'C66'),
  ('LM67',  'C67'),
  ('LM68',  'C68'),
  ('LM68',  'C68'),
  ('LM69',  'C69'),
  ('LM70',  'C70'),
  ('LM70',  'C70'),
  ('LM71',  'C71'),
  ('LM71',  'C71'),
  ('LM72',  'C72'),
  ('LM72',  'C72'),
  ('LM73',  'C73'),
  ('LM74',  'C74'),
  ('LM74',  'C74'),
  ('LM75',  'C75'),
  ('LM76',  'C76'),
  ('LM76',  'C76'),
  ('LM77',  'C77'),
  ('LM77',  'C77'),
  ('LM78',  'C78'),
  ('LM78',  'C78'),
  ('LM79',  'C79'),
  ('LM80',  'C80'),
  ('LM81',  'C81'),
  ('LM82',  'C82'),
  ('LM83',  'C83'),
  ('LM83',  'C83'),
  ('LM84',  'C84'),
  ('LM85',  'C85'),
  ('LM85',  'C85'),
  ('LM86',  'C86'),
  ('LM87',  'C87'),
  ('LM87',  'C87'),
  ('LM88',  'C88'),
  ('LM89',  'C89'),
  ('LM89',  'C89'),
  ('LM90',  'C90'),
  ('LM91',  'C91'),
  ('LM91',  'C91'),
  ('LM92',  'C92'),
  ('LM93',  'C93'),
  ('LM94',  'C94'),
  ('LM94',  'C94'),
  ('LM95',  'C95'),
  ('LM96',  'C96'),
  ('LM97',  'C97'),
  ('LM98',  'C98'),
  ('LM99',  'C99'),
  ('LM100', 'C100'),
  ('LM100', 'C100');

insert into Senior_Manager values
  ('SM1',   'LM1',   'C1'),
  ('SM1',   'LM1',   'C1'),
  ('SM1',   'LM1',   'C1'),
  ('SM2',   'LM1',   'C1'),
  ('SM2',   'LM1',   'C1'),
  ('SM3',   'LM2',   'C2'),
  ('SM4',   'LM3',   'C3'),
  ('SM5',   'LM3',   'C3'),
  ('SM6',   'LM4',   'C4'),
  ('SM7',   'LM5',   'C5'),
  ('SM8',   'LM5',   'C5'),
  ('SM8',   'LM5',   'C5'),
  ('SM9',   'LM6',   'C6'),
  ('SM9',   'LM6',   'C6'),
  ('SM10',  'LM7',   'C7'),
  ('SM11',  'LM8',   'C8'),
  ('SM12',  'LM9',   'C9'),
  ('SM12',  'LM9',   'C9'),
  ('SM12',  'LM9',   'C9'),
  ('SM13',  'LM10',  'C10'),
  ('SM13',  'LM10',  'C10'),
  ('SM14',  'LM11',  'C11'),
  ('SM15',  'LM12',  'C12'),
  ('SM15',  'LM12',  'C12'),
  ('SM15',  'LM12',  'C12'),
  ('SM16',  'LM12',  'C12'),
  ('SM16',  'LM12',  'C12'),
  ('SM16',  'LM12',  'C12'),
  ('SM17',  'LM13',  'C13'),
  ('SM17',  'LM13',  'C13'),
  ('SM18',  'LM13',  'C13'),
  ('SM18',  'LM13',  'C13'),
  ('SM18',  'LM13',  'C13'),
  ('SM19',  'LM14',  'C14'),
  ('SM19',  'LM14',  'C14'),
  ('SM19',  'LM14',  'C14'),
  ('SM20',  'LM15',  'C15'),
  ('SM20',  'LM15',  'C15'),
  ('SM21',  'LM16',  'C16'),
  ('SM21',  'LM16',  'C16'),
  ('SM21',  'LM16',  'C16'),
  ('SM22',  'LM17',  'C17'),
  ('SM23',  'LM17',  'C17'),
  ('SM23',  'LM17',  'C17'),
  ('SM24',  'LM18',  'C18'),
  ('SM24',  'LM18',  'C18'),
  ('SM24',  'LM18',  'C18'),
  ('SM25',  'LM18',  'C18'),
  ('SM25',  'LM18',  'C18'),
  ('SM26',  'LM19',  'C19'),
  ('SM27',  'LM19',  'C19'),
  ('SM27',  'LM19',  'C19'),
  ('SM27',  'LM19',  'C19'),
  ('SM28',  'LM20',  'C20'),
  ('SM28',  'LM20',  'C20'),
  ('SM29',  'LM21',  'C21'),
  ('SM29',  'LM21',  'C21'),
  ('SM29',  'LM21',  'C21'),
  ('SM30',  'LM22',  'C22'),
  ('SM30',  'LM22',  'C22'),
  ('SM30',  'LM22',  'C22'),
  ('SM31',  'LM23',  'C23'),
  ('SM32',  'LM24',  'C24'),
  ('SM32',  'LM24',  'C24'),
  ('SM33',  'LM25',  'C25'),
  ('SM33',  'LM25',  'C25'),
  ('SM34',  'LM26',  'C26'),
  ('SM35',  'LM27',  'C27'),
  ('SM36',  'LM28',  'C28'),
  ('SM36',  'LM28',  'C28'),
  ('SM36',  'LM28',  'C28'),
  ('SM37',  'LM28',  'C28'),
  ('SM37',  'LM28',  'C28'),
  ('SM38',  'LM29',  'C29'),
  ('SM38',  'LM29',  'C29'),
  ('SM38',  'LM29',  'C29'),
  ('SM39',  'LM29',  'C29'),
  ('SM40',  'LM30',  'C30'),
  ('SM40',  'LM30',  'C30'),
  ('SM41',  'LM31',  'C31'),
  ('SM42',  'LM32',  'C32'),
  ('SM43',  'LM32',  'C32'),
  ('SM43',  'LM32',  'C32'),
  ('SM43',  'LM32',  'C32'),
  ('SM44',  'LM33',  'C33'),
  ('SM44',  'LM33',  'C33'),
  ('SM44',  'LM33',  'C33'),
  ('SM45',  'LM33',  'C33'),
  ('SM45',  'LM33',  'C33'),
  ('SM46',  'LM34',  'C34'),
  ('SM46',  'LM34',  'C34'),
  ('SM46',  'LM34',  'C34'),
  ('SM47',  'LM34',  'C34'),
  ('SM47',  'LM34',  'C34'),
  ('SM47',  'LM34',  'C34'),
  ('SM48',  'LM35',  'C35'),
  ('SM48',  'LM35',  'C35'),
  ('SM48',  'LM35',  'C35'),
  ('SM49',  'LM35',  'C35'),
  ('SM49',  'LM35',  'C35'),
  ('SM49',  'LM35',  'C35'),
  ('SM50',  'LM36',  'C36'),
  ('SM50',  'LM36',  'C36'),
  ('SM51',  'LM36',  'C36'),
  ('SM51',  'LM36',  'C36'),
  ('SM51',  'LM36',  'C36'),
  ('SM52',  'LM37',  'C37'),
  ('SM52',  'LM37',  'C37'),
  ('SM53',  'LM38',  'C38'),
  ('SM54',  'LM38',  'C38'),
  ('SM54',  'LM38',  'C38'),
  ('SM54',  'LM38',  'C38'),
  ('SM55',  'LM39',  'C39'),
  ('SM55',  'LM39',  'C39'),
  ('SM55',  'LM39',  'C39'),
  ('SM56',  'LM40',  'C40'),
  ('SM56',  'LM40',  'C40'),
  ('SM56',  'LM40',  'C40'),
  ('SM57',  'LM41',  'C41'),
  ('SM58',  'LM41',  'C41'),
  ('SM58',  'LM41',  'C41'),
  ('SM59',  'LM42',  'C42'),
  ('SM59',  'LM42',  'C42'),
  ('SM59',  'LM42',  'C42'),
  ('SM60',  'LM42',  'C42'),
  ('SM61',  'LM43',  'C43'),
  ('SM61',  'LM43',  'C43'),
  ('SM61',  'LM43',  'C43'),
  ('SM62',  'LM43',  'C43'),
  ('SM63',  'LM44',  'C44'),
  ('SM63',  'LM44',  'C44'),
  ('SM63',  'LM44',  'C44'),
  ('SM64',  'LM45',  'C45'),
  ('SM65',  'LM46',  'C46'),
  ('SM65',  'LM46',  'C46'),
  ('SM66',  'LM46',  'C46'),
  ('SM67',  'LM47',  'C47'),
  ('SM67',  'LM47',  'C47'),
  ('SM68',  'LM47',  'C47'),
  ('SM69',  'LM48',  'C48'),
  ('SM69',  'LM48',  'C48'),
  ('SM69',  'LM48',  'C48'),
  ('SM70',  'LM49',  'C49'),
  ('SM70',  'LM49',  'C49'),
  ('SM70',  'LM49',  'C49'),
  ('SM71',  'LM50',  'C50'),
  ('SM71',  'LM50',  'C50'),
  ('SM72',  'LM51',  'C51'),
  ('SM72',  'LM51',  'C51'),
  ('SM72',  'LM51',  'C51'),
  ('SM73',  'LM51',  'C51'),
  ('SM73',  'LM51',  'C51'),
  ('SM74',  'LM52',  'C52'),
  ('SM74',  'LM52',  'C52'),
  ('SM75',  'LM53',  'C53'),
  ('SM76',  'LM54',  'C54'),
  ('SM77',  'LM54',  'C54'),
  ('SM77',  'LM54',  'C54'),
  ('SM77',  'LM54',  'C54'),
  ('SM78',  'LM55',  'C55'),
  ('SM79',  'LM55',  'C55'),
  ('SM80',  'LM56',  'C56'),
  ('SM81',  'LM57',  'C57'),
  ('SM81',  'LM57',  'C57'),
  ('SM82',  'LM58',  'C58'),
  ('SM82',  'LM58',  'C58'),
  ('SM83',  'LM58',  'C58'),
  ('SM83',  'LM58',  'C58'),
  ('SM84',  'LM59',  'C59'),
  ('SM84',  'LM59',  'C59'),
  ('SM85',  'LM60',  'C60'),
  ('SM86',  'LM61',  'C61'),
  ('SM87',  'LM62',  'C62'),
  ('SM87',  'LM62',  'C62'),
  ('SM87',  'LM62',  'C62'),
  ('SM88',  'LM62',  'C62'),
  ('SM88',  'LM62',  'C62'),
  ('SM89',  'LM63',  'C63'),
  ('SM89',  'LM63',  'C63'),
  ('SM89',  'LM63',  'C63'),
  ('SM90',  'LM63',  'C63'),
  ('SM90',  'LM63',  'C63'),
  ('SM91',  'LM64',  'C64'),
  ('SM92',  'LM65',  'C65'),
  ('SM93',  'LM65',  'C65'),
  ('SM93',  'LM65',  'C65'),
  ('SM93',  'LM65',  'C65'),
  ('SM94',  'LM66',  'C66'),
  ('SM94',  'LM66',  'C66'),
  ('SM94',  'LM66',  'C66'),
  ('SM95',  'LM66',  'C66'),
  ('SM96',  'LM67',  'C67'),
  ('SM97',  'LM68',  'C68'),
  ('SM97',  'LM68',  'C68'),
  ('SM97',  'LM68',  'C68'),
  ('SM98',  'LM68',  'C68'),
  ('SM98',  'LM68',  'C68'),
  ('SM99',  'LM69',  'C69'),
  ('SM100', 'LM70',  'C70'),
  ('SM101', 'LM70',  'C70'),
  ('SM101', 'LM70',  'C70'),
  ('SM101', 'LM70',  'C70'),
  ('SM102', 'LM71',  'C71'),
  ('SM102', 'LM71',  'C71'),
  ('SM103', 'LM71',  'C71'),
  ('SM103', 'LM71',  'C71'),
  ('SM103', 'LM71',  'C71'),
  ('SM104', 'LM72',  'C72'),
  ('SM105', 'LM72',  'C72'),
  ('SM105', 'LM72',  'C72'),
  ('SM106', 'LM73',  'C73'),
  ('SM107', 'LM74',  'C74'),
  ('SM107', 'LM74',  'C74'),
  ('SM107', 'LM74',  'C74'),
  ('SM108', 'LM74',  'C74'),
  ('SM109', 'LM75',  'C75'),
  ('SM109', 'LM75',  'C75'),
  ('SM110', 'LM76',  'C76'),
  ('SM110', 'LM76',  'C76'),
  ('SM111', 'LM76',  'C76'),
  ('SM111', 'LM76',  'C76'),
  ('SM111', 'LM76',  'C76'),
  ('SM112', 'LM77',  'C77'),
  ('SM112', 'LM77',  'C77'),
  ('SM112', 'LM77',  'C77'),
  ('SM113', 'LM77',  'C77'),
  ('SM113', 'LM77',  'C77'),
  ('SM114', 'LM78',  'C78'),
  ('SM115', 'LM78',  'C78'),
  ('SM115', 'LM78',  'C78'),
  ('SM116', 'LM79',  'C79'),
  ('SM116', 'LM79',  'C79'),
  ('SM117', 'LM80',  'C80'),
  ('SM118', 'LM81',  'C81'),
  ('SM118', 'LM81',  'C81'),
  ('SM118', 'LM81',  'C81'),
  ('SM119', 'LM82',  'C82'),
  ('SM119', 'LM82',  'C82'),
  ('SM120', 'LM83',  'C83'),
  ('SM120', 'LM83',  'C83'),
  ('SM121', 'LM83',  'C83'),
  ('SM122', 'LM84',  'C84'),
  ('SM123', 'LM85',  'C85'),
  ('SM123', 'LM85',  'C85'),
  ('SM124', 'LM85',  'C85'),
  ('SM124', 'LM85',  'C85'),
  ('SM125', 'LM86',  'C86'),
  ('SM125', 'LM86',  'C86'),
  ('SM125', 'LM86',  'C86'),
  ('SM126', 'LM87',  'C87'),
  ('SM127', 'LM87',  'C87'),
  ('SM127', 'LM87',  'C87'),
  ('SM128', 'LM88',  'C88'),
  ('SM128', 'LM88',  'C88'),
  ('SM129', 'LM89',  'C89'),
  ('SM129', 'LM89',  'C89'),
  ('SM129', 'LM89',  'C89'),
  ('SM130', 'LM89',  'C89'),
  ('SM131', 'LM90',  'C90'),
  ('SM131', 'LM90',  'C90'),
  ('SM132', 'LM91',  'C91'),
  ('SM133', 'LM91',  'C91'),
  ('SM134', 'LM92',  'C92'),
  ('SM135', 'LM93',  'C93'),
  ('SM135', 'LM93',  'C93'),
  ('SM136', 'LM94',  'C94'),
  ('SM136', 'LM94',  'C94'),
  ('SM136', 'LM94',  'C94'),
  ('SM137', 'LM94',  'C94'),
  ('SM137', 'LM94',  'C94'),
  ('SM138', 'LM95',  'C95'),
  ('SM138', 'LM95',  'C95'),
  ('SM138', 'LM95',  'C95'),
  ('SM139', 'LM96',  'C96'),
  ('SM139', 'LM96',  'C96'),
  ('SM140', 'LM97',  'C97'),
  ('SM141', 'LM98',  'C98'),
  ('SM141', 'LM98',  'C98'),
  ('SM142', 'LM99',  'C99'),
  ('SM142', 'LM99',  'C99'),
  ('SM143', 'LM100', 'C100'),
  ('SM144', 'LM100', 'C100'),
  ('SM144', 'LM100', 'C100'),
  ('SM144', 'LM100', 'C100');

insert into Manager values
  ('M1',   'SM1',   'LM1',   'C1'),
  ('M1',   'SM1',   'LM1',   'C1'),
  ('M1',   'SM1',   'LM1',   'C1'),
  ('M2',   'SM1',   'LM1',   'C1'),
  ('M2',   'SM1',   'LM1',   'C1'),
  ('M2',   'SM1',   'LM1',   'C1'),
  ('M3',   'SM1',   'LM1',   'C1'),
  ('M3',   'SM1',   'LM1',   'C1'),
  ('M3',   'SM1',   'LM1',   'C1'),
  ('M4',   'SM2',   'LM1',   'C1'),
  ('M4',   'SM2',   'LM1',   'C1'),
  ('M4',   'SM2',   'LM1',   'C1'),
  ('M5',   'SM2',   'LM1',   'C1'),
  ('M6',   'SM3',   'LM2',   'C2'),
  ('M6',   'SM3',   'LM2',   'C2'),
  ('M6',   'SM3',   'LM2',   'C2'),
  ('M7',   'SM4',   'LM3',   'C3'),
  ('M7',   'SM4',   'LM3',   'C3'),
  ('M7',   'SM4',   'LM3',   'C3'),
  ('M8',   'SM5',   'LM3',   'C3'),
  ('M8',   'SM5',   'LM3',   'C3'),
  ('M9',   'SM6',   'LM4',   'C4'),
  ('M10',  'SM7',   'LM5',   'C5'),
  ('M10',  'SM7',   'LM5',   'C5'),
  ('M10',  'SM7',   'LM5',   'C5'),
  ('M11',  'SM8',   'LM5',   'C5'),
  ('M11',  'SM8',   'LM5',   'C5'),
  ('M11',  'SM8',   'LM5',   'C5'),
  ('M12',  'SM8',   'LM5',   'C5'),
  ('M12',  'SM8',   'LM5',   'C5'),
  ('M12',  'SM8',   'LM5',   'C5'),
  ('M13',  'SM9',   'LM6',   'C6'),
  ('M13',  'SM9',   'LM6',   'C6'),
  ('M13',  'SM9',   'LM6',   'C6'),
  ('M14',  'SM9',   'LM6',   'C6'),
  ('M14',  'SM9',   'LM6',   'C6'),
  ('M14',  'SM9',   'LM6',   'C6'),
  ('M15',  'SM10',  'LM7',   'C7'),
  ('M15',  'SM10',  'LM7',   'C7'),
  ('M16',  'SM11',  'LM8',   'C8'),
  ('M16',  'SM11',  'LM8',   'C8'),
  ('M16',  'SM11',  'LM8',   'C8'),
  ('M17',  'SM12',  'LM9',   'C9'),
  ('M17',  'SM12',  'LM9',   'C9'),
  ('M18',  'SM12',  'LM9',   'C9'),
  ('M18',  'SM12',  'LM9',   'C9'),
  ('M19',  'SM12',  'LM9',   'C9'),
  ('M19',  'SM12',  'LM9',   'C9'),
  ('M20',  'SM13',  'LM10',  'C10'),
  ('M20',  'SM13',  'LM10',  'C10'),
  ('M21',  'SM13',  'LM10',  'C10'),
  ('M22',  'SM14',  'LM11',  'C11'),
  ('M23',  'SM15',  'LM12',  'C12'),
  ('M23',  'SM15',  'LM12',  'C12'),
  ('M23',  'SM15',  'LM12',  'C12'),
  ('M24',  'SM15',  'LM12',  'C12'),
  ('M24',  'SM15',  'LM12',  'C12'),
  ('M25',  'SM15',  'LM12',  'C12'),
  ('M25',  'SM15',  'LM12',  'C12'),
  ('M25',  'SM15',  'LM12',  'C12'),
  ('M26',  'SM16',  'LM12',  'C12'),
  ('M26',  'SM16',  'LM12',  'C12'),
  ('M27',  'SM16',  'LM12',  'C12'),
  ('M27',  'SM16',  'LM12',  'C12'),
  ('M28',  'SM16',  'LM12',  'C12'),
  ('M28',  'SM16',  'LM12',  'C12'),
  ('M29',  'SM17',  'LM13',  'C13'),
  ('M29',  'SM17',  'LM13',  'C13'),
  ('M29',  'SM17',  'LM13',  'C13'),
  ('M30',  'SM17',  'LM13',  'C13'),
  ('M30',  'SM17',  'LM13',  'C13'),
  ('M30',  'SM17',  'LM13',  'C13'),
  ('M31',  'SM18',  'LM13',  'C13'),
  ('M31',  'SM18',  'LM13',  'C13'),
  ('M31',  'SM18',  'LM13',  'C13'),
  ('M32',  'SM18',  'LM13',  'C13'),
  ('M32',  'SM18',  'LM13',  'C13'),
  ('M33',  'SM18',  'LM13',  'C13'),
  ('M33',  'SM18',  'LM13',  'C13'),
  ('M33',  'SM18',  'LM13',  'C13'),
  ('M34',  'SM19',  'LM14',  'C14'),
  ('M34',  'SM19',  'LM14',  'C14'),
  ('M34',  'SM19',  'LM14',  'C14'),
  ('M35',  'SM19',  'LM14',  'C14'),
  ('M36',  'SM19',  'LM14',  'C14'),
  ('M37',  'SM20',  'LM15',  'C15'),
  ('M37',  'SM20',  'LM15',  'C15'),
  ('M38',  'SM20',  'LM15',  'C15'),
  ('M39',  'SM21',  'LM16',  'C16'),
  ('M40',  'SM21',  'LM16',  'C16'),
  ('M40',  'SM21',  'LM16',  'C16'),
  ('M41',  'SM21',  'LM16',  'C16'),
  ('M41',  'SM21',  'LM16',  'C16'),
  ('M42',  'SM22',  'LM17',  'C17'),
  ('M42',  'SM22',  'LM17',  'C17'),
  ('M43',  'SM23',  'LM17',  'C17'),
  ('M43',  'SM23',  'LM17',  'C17'),
  ('M43',  'SM23',  'LM17',  'C17'),
  ('M44',  'SM23',  'LM17',  'C17'),
  ('M44',  'SM23',  'LM17',  'C17'),
  ('M45',  'SM24',  'LM18',  'C18'),
  ('M45',  'SM24',  'LM18',  'C18'),
  ('M46',  'SM24',  'LM18',  'C18'),
  ('M47',  'SM24',  'LM18',  'C18'),
  ('M48',  'SM25',  'LM18',  'C18'),
  ('M49',  'SM25',  'LM18',  'C18'),
  ('M50',  'SM26',  'LM19',  'C19'),
  ('M50',  'SM26',  'LM19',  'C19'),
  ('M50',  'SM26',  'LM19',  'C19'),
  ('M51',  'SM27',  'LM19',  'C19'),
  ('M51',  'SM27',  'LM19',  'C19'),
  ('M52',  'SM27',  'LM19',  'C19'),
  ('M53',  'SM27',  'LM19',  'C19'),
  ('M54',  'SM28',  'LM20',  'C20'),
  ('M55',  'SM28',  'LM20',  'C20'),
  ('M56',  'SM29',  'LM21',  'C21'),
  ('M57',  'SM29',  'LM21',  'C21'),
  ('M57',  'SM29',  'LM21',  'C21'),
  ('M57',  'SM29',  'LM21',  'C21'),
  ('M58',  'SM29',  'LM21',  'C21'),
  ('M58',  'SM29',  'LM21',  'C21'),
  ('M58',  'SM29',  'LM21',  'C21'),
  ('M59',  'SM30',  'LM22',  'C22'),
  ('M59',  'SM30',  'LM22',  'C22'),
  ('M60',  'SM30',  'LM22',  'C22'),
  ('M60',  'SM30',  'LM22',  'C22'),
  ('M60',  'SM30',  'LM22',  'C22'),
  ('M61',  'SM30',  'LM22',  'C22'),
  ('M62',  'SM31',  'LM23',  'C23'),
  ('M62',  'SM31',  'LM23',  'C23'),
  ('M63',  'SM32',  'LM24',  'C24'),
  ('M63',  'SM32',  'LM24',  'C24'),
  ('M63',  'SM32',  'LM24',  'C24'),
  ('M64',  'SM32',  'LM24',  'C24'),
  ('M64',  'SM32',  'LM24',  'C24'),
  ('M64',  'SM32',  'LM24',  'C24'),
  ('M65',  'SM33',  'LM25',  'C25'),
  ('M65',  'SM33',  'LM25',  'C25'),
  ('M66',  'SM33',  'LM25',  'C25'),
  ('M66',  'SM33',  'LM25',  'C25'),
  ('M66',  'SM33',  'LM25',  'C25'),
  ('M67',  'SM34',  'LM26',  'C26'),
  ('M67',  'SM34',  'LM26',  'C26'),
  ('M67',  'SM34',  'LM26',  'C26'),
  ('M68',  'SM35',  'LM27',  'C27'),
  ('M68',  'SM35',  'LM27',  'C27'),
  ('M68',  'SM35',  'LM27',  'C27'),
  ('M69',  'SM36',  'LM28',  'C28'),
  ('M70',  'SM36',  'LM28',  'C28'),
  ('M70',  'SM36',  'LM28',  'C28'),
  ('M71',  'SM36',  'LM28',  'C28'),
  ('M72',  'SM37',  'LM28',  'C28'),
  ('M72',  'SM37',  'LM28',  'C28'),
  ('M72',  'SM37',  'LM28',  'C28'),
  ('M73',  'SM37',  'LM28',  'C28'),
  ('M73',  'SM37',  'LM28',  'C28'),
  ('M74',  'SM38',  'LM29',  'C29'),
  ('M75',  'SM38',  'LM29',  'C29'),
  ('M75',  'SM38',  'LM29',  'C29'),
  ('M75',  'SM38',  'LM29',  'C29'),
  ('M76',  'SM38',  'LM29',  'C29'),
  ('M76',  'SM38',  'LM29',  'C29'),
  ('M76',  'SM38',  'LM29',  'C29'),
  ('M77',  'SM39',  'LM29',  'C29'),
  ('M77',  'SM39',  'LM29',  'C29'),
  ('M78',  'SM40',  'LM30',  'C30'),
  ('M78',  'SM40',  'LM30',  'C30'),
  ('M78',  'SM40',  'LM30',  'C30'),
  ('M79',  'SM40',  'LM30',  'C30'),
  ('M79',  'SM40',  'LM30',  'C30'),
  ('M80',  'SM41',  'LM31',  'C31'),
  ('M80',  'SM41',  'LM31',  'C31'),
  ('M80',  'SM41',  'LM31',  'C31'),
  ('M81',  'SM42',  'LM32',  'C32'),
  ('M81',  'SM42',  'LM32',  'C32'),
  ('M82',  'SM43',  'LM32',  'C32'),
  ('M83',  'SM43',  'LM32',  'C32'),
  ('M83',  'SM43',  'LM32',  'C32'),
  ('M83',  'SM43',  'LM32',  'C32'),
  ('M84',  'SM43',  'LM32',  'C32'),
  ('M84',  'SM43',  'LM32',  'C32'),
  ('M85',  'SM44',  'LM33',  'C33'),
  ('M85',  'SM44',  'LM33',  'C33'),
  ('M85',  'SM44',  'LM33',  'C33'),
  ('M86',  'SM44',  'LM33',  'C33'),
  ('M86',  'SM44',  'LM33',  'C33'),
  ('M86',  'SM44',  'LM33',  'C33'),
  ('M87',  'SM44',  'LM33',  'C33'),
  ('M88',  'SM45',  'LM33',  'C33'),
  ('M88',  'SM45',  'LM33',  'C33'),
  ('M88',  'SM45',  'LM33',  'C33'),
  ('M89',  'SM45',  'LM33',  'C33'),
  ('M89',  'SM45',  'LM33',  'C33'),
  ('M90',  'SM46',  'LM34',  'C34'),
  ('M90',  'SM46',  'LM34',  'C34'),
  ('M91',  'SM46',  'LM34',  'C34'),
  ('M91',  'SM46',  'LM34',  'C34'),
  ('M92',  'SM46',  'LM34',  'C34'),
  ('M93',  'SM47',  'LM34',  'C34'),
  ('M94',  'SM47',  'LM34',  'C34'),
  ('M95',  'SM47',  'LM34',  'C34'),
  ('M95',  'SM47',  'LM34',  'C34'),
  ('M95',  'SM47',  'LM34',  'C34'),
  ('M96',  'SM48',  'LM35',  'C35'),
  ('M96',  'SM48',  'LM35',  'C35'),
  ('M97',  'SM48',  'LM35',  'C35'),
  ('M97',  'SM48',  'LM35',  'C35'),
  ('M98',  'SM48',  'LM35',  'C35'),
  ('M98',  'SM48',  'LM35',  'C35'),
  ('M98',  'SM48',  'LM35',  'C35'),
  ('M99',  'SM49',  'LM35',  'C35'),
  ('M99',  'SM49',  'LM35',  'C35'),
  ('M100', 'SM49',  'LM35',  'C35'),
  ('M101', 'SM49',  'LM35',  'C35'),
  ('M101', 'SM49',  'LM35',  'C35'),
  ('M102', 'SM50',  'LM36',  'C36'),
  ('M102', 'SM50',  'LM36',  'C36'),
  ('M103', 'SM50',  'LM36',  'C36'),
  ('M103', 'SM50',  'LM36',  'C36'),
  ('M103', 'SM50',  'LM36',  'C36'),
  ('M104', 'SM51',  'LM36',  'C36'),
  ('M104', 'SM51',  'LM36',  'C36'),
  ('M105', 'SM51',  'LM36',  'C36'),
  ('M105', 'SM51',  'LM36',  'C36'),
  ('M106', 'SM51',  'LM36',  'C36'),
  ('M106', 'SM51',  'LM36',  'C36'),
  ('M107', 'SM52',  'LM37',  'C37'),
  ('M107', 'SM52',  'LM37',  'C37'),
  ('M108', 'SM52',  'LM37',  'C37'),
  ('M108', 'SM52',  'LM37',  'C37'),
  ('M108', 'SM52',  'LM37',  'C37'),
  ('M109', 'SM53',  'LM38',  'C38'),
  ('M109', 'SM53',  'LM38',  'C38'),
  ('M110', 'SM54',  'LM38',  'C38'),
  ('M111', 'SM54',  'LM38',  'C38'),
  ('M112', 'SM54',  'LM38',  'C38'),
  ('M112', 'SM54',  'LM38',  'C38'),
  ('M113', 'SM55',  'LM39',  'C39'),
  ('M113', 'SM55',  'LM39',  'C39'),
  ('M114', 'SM55',  'LM39',  'C39'),
  ('M114', 'SM55',  'LM39',  'C39'),
  ('M115', 'SM55',  'LM39',  'C39'),
  ('M115', 'SM55',  'LM39',  'C39'),
  ('M115', 'SM55',  'LM39',  'C39'),
  ('M116', 'SM56',  'LM40',  'C40'),
  ('M116', 'SM56',  'LM40',  'C40'),
  ('M117', 'SM56',  'LM40',  'C40'),
  ('M117', 'SM56',  'LM40',  'C40'),
  ('M117', 'SM56',  'LM40',  'C40'),
  ('M118', 'SM56',  'LM40',  'C40'),
  ('M119', 'SM57',  'LM41',  'C41'),
  ('M119', 'SM57',  'LM41',  'C41'),
  ('M119', 'SM57',  'LM41',  'C41'),
  ('M120', 'SM58',  'LM41',  'C41'),
  ('M120', 'SM58',  'LM41',  'C41'),
  ('M120', 'SM58',  'LM41',  'C41'),
  ('M121', 'SM58',  'LM41',  'C41'),
  ('M122', 'SM59',  'LM42',  'C42'),
  ('M123', 'SM59',  'LM42',  'C42'),
  ('M123', 'SM59',  'LM42',  'C42'),
  ('M123', 'SM59',  'LM42',  'C42'),
  ('M124', 'SM59',  'LM42',  'C42'),
  ('M124', 'SM59',  'LM42',  'C42'),
  ('M124', 'SM59',  'LM42',  'C42'),
  ('M125', 'SM60',  'LM42',  'C42'),
  ('M126', 'SM61',  'LM43',  'C43'),
  ('M127', 'SM61',  'LM43',  'C43'),
  ('M127', 'SM61',  'LM43',  'C43'),
  ('M127', 'SM61',  'LM43',  'C43'),
  ('M128', 'SM61',  'LM43',  'C43'),
  ('M129', 'SM62',  'LM43',  'C43'),
  ('M130', 'SM63',  'LM44',  'C44'),
  ('M130', 'SM63',  'LM44',  'C44'),
  ('M131', 'SM63',  'LM44',  'C44'),
  ('M132', 'SM63',  'LM44',  'C44'),
  ('M133', 'SM64',  'LM45',  'C45'),
  ('M133', 'SM64',  'LM45',  'C45'),
  ('M133', 'SM64',  'LM45',  'C45'),
  ('M134', 'SM65',  'LM46',  'C46'),
  ('M134', 'SM65',  'LM46',  'C46'),
  ('M134', 'SM65',  'LM46',  'C46'),
  ('M135', 'SM65',  'LM46',  'C46'),
  ('M135', 'SM65',  'LM46',  'C46'),
  ('M135', 'SM65',  'LM46',  'C46'),
  ('M136', 'SM66',  'LM46',  'C46'),
  ('M136', 'SM66',  'LM46',  'C46'),
  ('M136', 'SM66',  'LM46',  'C46'),
  ('M137', 'SM67',  'LM47',  'C47'),
  ('M137', 'SM67',  'LM47',  'C47'),
  ('M138', 'SM67',  'LM47',  'C47'),
  ('M139', 'SM68',  'LM47',  'C47'),
  ('M140', 'SM69',  'LM48',  'C48'),
  ('M141', 'SM69',  'LM48',  'C48'),
  ('M142', 'SM69',  'LM48',  'C48'),
  ('M143', 'SM70',  'LM49',  'C49'),
  ('M143', 'SM70',  'LM49',  'C49'),
  ('M143', 'SM70',  'LM49',  'C49'),
  ('M144', 'SM70',  'LM49',  'C49'),
  ('M144', 'SM70',  'LM49',  'C49'),
  ('M145', 'SM70',  'LM49',  'C49'),
  ('M145', 'SM70',  'LM49',  'C49'),
  ('M145', 'SM70',  'LM49',  'C49'),
  ('M146', 'SM71',  'LM50',  'C50'),
  ('M146', 'SM71',  'LM50',  'C50'),
  ('M147', 'SM71',  'LM50',  'C50'),
  ('M147', 'SM71',  'LM50',  'C50'),
  ('M147', 'SM71',  'LM50',  'C50'),
  ('M148', 'SM72',  'LM51',  'C51'),
  ('M149', 'SM72',  'LM51',  'C51'),
  ('M149', 'SM72',  'LM51',  'C51'),
  ('M150', 'SM72',  'LM51',  'C51'),
  ('M150', 'SM72',  'LM51',  'C51'),
  ('M150', 'SM72',  'LM51',  'C51'),
  ('M151', 'SM73',  'LM51',  'C51'),
  ('M151', 'SM73',  'LM51',  'C51'),
  ('M151', 'SM73',  'LM51',  'C51'),
  ('M152', 'SM73',  'LM51',  'C51'),
  ('M152', 'SM73',  'LM51',  'C51'),
  ('M152', 'SM73',  'LM51',  'C51'),
  ('M153', 'SM74',  'LM52',  'C52'),
  ('M154', 'SM74',  'LM52',  'C52'),
  ('M155', 'SM75',  'LM53',  'C53'),
  ('M156', 'SM76',  'LM54',  'C54'),
  ('M157', 'SM77',  'LM54',  'C54'),
  ('M157', 'SM77',  'LM54',  'C54'),
  ('M158', 'SM77',  'LM54',  'C54'),
  ('M158', 'SM77',  'LM54',  'C54'),
  ('M158', 'SM77',  'LM54',  'C54'),
  ('M159', 'SM77',  'LM54',  'C54'),
  ('M160', 'SM78',  'LM55',  'C55'),
  ('M161', 'SM79',  'LM55',  'C55'),
  ('M161', 'SM79',  'LM55',  'C55'),
  ('M162', 'SM80',  'LM56',  'C56'),
  ('M162', 'SM80',  'LM56',  'C56'),
  ('M162', 'SM80',  'LM56',  'C56'),
  ('M163', 'SM81',  'LM57',  'C57'),
  ('M163', 'SM81',  'LM57',  'C57'),
  ('M164', 'SM81',  'LM57',  'C57'),
  ('M164', 'SM81',  'LM57',  'C57'),
  ('M164', 'SM81',  'LM57',  'C57'),
  ('M165', 'SM82',  'LM58',  'C58'),
  ('M166', 'SM82',  'LM58',  'C58'),
  ('M166', 'SM82',  'LM58',  'C58'),
  ('M167', 'SM83',  'LM58',  'C58'),
  ('M167', 'SM83',  'LM58',  'C58'),
  ('M168', 'SM83',  'LM58',  'C58'),
  ('M168', 'SM83',  'LM58',  'C58'),
  ('M168', 'SM83',  'LM58',  'C58'),
  ('M169', 'SM84',  'LM59',  'C59'),
  ('M169', 'SM84',  'LM59',  'C59'),
  ('M169', 'SM84',  'LM59',  'C59'),
  ('M170', 'SM84',  'LM59',  'C59'),
  ('M171', 'SM85',  'LM60',  'C60'),
  ('M171', 'SM85',  'LM60',  'C60'),
  ('M172', 'SM86',  'LM61',  'C61'),
  ('M173', 'SM87',  'LM62',  'C62'),
  ('M173', 'SM87',  'LM62',  'C62'),
  ('M174', 'SM87',  'LM62',  'C62'),
  ('M175', 'SM87',  'LM62',  'C62'),
  ('M175', 'SM87',  'LM62',  'C62'),
  ('M176', 'SM88',  'LM62',  'C62'),
  ('M176', 'SM88',  'LM62',  'C62'),
  ('M176', 'SM88',  'LM62',  'C62'),
  ('M177', 'SM88',  'LM62',  'C62'),
  ('M177', 'SM88',  'LM62',  'C62'),
  ('M177', 'SM88',  'LM62',  'C62'),
  ('M178', 'SM89',  'LM63',  'C63'),
  ('M179', 'SM89',  'LM63',  'C63'),
  ('M180', 'SM89',  'LM63',  'C63'),
  ('M181', 'SM90',  'LM63',  'C63'),
  ('M181', 'SM90',  'LM63',  'C63'),
  ('M181', 'SM90',  'LM63',  'C63'),
  ('M182', 'SM90',  'LM63',  'C63'),
  ('M183', 'SM91',  'LM64',  'C64'),
  ('M183', 'SM91',  'LM64',  'C64'),
  ('M184', 'SM92',  'LM65',  'C65'),
  ('M184', 'SM92',  'LM65',  'C65'),
  ('M185', 'SM93',  'LM65',  'C65'),
  ('M185', 'SM93',  'LM65',  'C65'),
  ('M186', 'SM93',  'LM65',  'C65'),
  ('M187', 'SM93',  'LM65',  'C65'),
  ('M187', 'SM93',  'LM65',  'C65'),
  ('M187', 'SM93',  'LM65',  'C65'),
  ('M188', 'SM94',  'LM66',  'C66'),
  ('M188', 'SM94',  'LM66',  'C66'),
  ('M188', 'SM94',  'LM66',  'C66'),
  ('M189', 'SM94',  'LM66',  'C66'),
  ('M189', 'SM94',  'LM66',  'C66'),
  ('M189', 'SM94',  'LM66',  'C66'),
  ('M190', 'SM94',  'LM66',  'C66'),
  ('M190', 'SM94',  'LM66',  'C66'),
  ('M190', 'SM94',  'LM66',  'C66'),
  ('M191', 'SM95',  'LM66',  'C66'),
  ('M191', 'SM95',  'LM66',  'C66'),
  ('M192', 'SM96',  'LM67',  'C67'),
  ('M192', 'SM96',  'LM67',  'C67'),
  ('M192', 'SM96',  'LM67',  'C67'),
  ('M193', 'SM97',  'LM68',  'C68'),
  ('M193', 'SM97',  'LM68',  'C68'),
  ('M194', 'SM97',  'LM68',  'C68'),
  ('M194', 'SM97',  'LM68',  'C68'),
  ('M195', 'SM97',  'LM68',  'C68'),
  ('M196', 'SM98',  'LM68',  'C68'),
  ('M196', 'SM98',  'LM68',  'C68'),
  ('M197', 'SM98',  'LM68',  'C68'),
  ('M197', 'SM98',  'LM68',  'C68'),
  ('M198', 'SM99',  'LM69',  'C69'),
  ('M198', 'SM99',  'LM69',  'C69'),
  ('M198', 'SM99',  'LM69',  'C69'),
  ('M199', 'SM100', 'LM70',  'C70'),
  ('M200', 'SM101', 'LM70',  'C70'),
  ('M200', 'SM101', 'LM70',  'C70'),
  ('M200', 'SM101', 'LM70',  'C70'),
  ('M201', 'SM101', 'LM70',  'C70'),
  ('M202', 'SM101', 'LM70',  'C70'),
  ('M202', 'SM101', 'LM70',  'C70'),
  ('M203', 'SM102', 'LM71',  'C71'),
  ('M203', 'SM102', 'LM71',  'C71'),
  ('M204', 'SM102', 'LM71',  'C71'),
  ('M205', 'SM103', 'LM71',  'C71'),
  ('M205', 'SM103', 'LM71',  'C71'),
  ('M206', 'SM103', 'LM71',  'C71'),
  ('M206', 'SM103', 'LM71',  'C71'),
  ('M206', 'SM103', 'LM71',  'C71'),
  ('M207', 'SM103', 'LM71',  'C71'),
  ('M207', 'SM103', 'LM71',  'C71'),
  ('M208', 'SM104', 'LM72',  'C72'),
  ('M208', 'SM104', 'LM72',  'C72'),
  ('M208', 'SM104', 'LM72',  'C72'),
  ('M209', 'SM105', 'LM72',  'C72'),
  ('M209', 'SM105', 'LM72',  'C72'),
  ('M209', 'SM105', 'LM72',  'C72'),
  ('M210', 'SM105', 'LM72',  'C72'),
  ('M211', 'SM106', 'LM73',  'C73'),
  ('M211', 'SM106', 'LM73',  'C73'),
  ('M212', 'SM107', 'LM74',  'C74'),
  ('M212', 'SM107', 'LM74',  'C74'),
  ('M213', 'SM107', 'LM74',  'C74'),
  ('M214', 'SM107', 'LM74',  'C74'),
  ('M214', 'SM107', 'LM74',  'C74'),
  ('M215', 'SM108', 'LM74',  'C74'),
  ('M215', 'SM108', 'LM74',  'C74'),
  ('M216', 'SM109', 'LM75',  'C75'),
  ('M216', 'SM109', 'LM75',  'C75'),
  ('M217', 'SM109', 'LM75',  'C75'),
  ('M217', 'SM109', 'LM75',  'C75'),
  ('M218', 'SM110', 'LM76',  'C76'),
  ('M218', 'SM110', 'LM76',  'C76'),
  ('M219', 'SM110', 'LM76',  'C76'),
  ('M219', 'SM110', 'LM76',  'C76'),
  ('M219', 'SM110', 'LM76',  'C76'),
  ('M220', 'SM111', 'LM76',  'C76'),
  ('M220', 'SM111', 'LM76',  'C76'),
  ('M220', 'SM111', 'LM76',  'C76'),
  ('M221', 'SM111', 'LM76',  'C76'),
  ('M221', 'SM111', 'LM76',  'C76'),
  ('M222', 'SM111', 'LM76',  'C76'),
  ('M222', 'SM111', 'LM76',  'C76'),
  ('M223', 'SM112', 'LM77',  'C77'),
  ('M223', 'SM112', 'LM77',  'C77'),
  ('M223', 'SM112', 'LM77',  'C77'),
  ('M224', 'SM112', 'LM77',  'C77'),
  ('M224', 'SM112', 'LM77',  'C77'),
  ('M224', 'SM112', 'LM77',  'C77'),
  ('M225', 'SM112', 'LM77',  'C77'),
  ('M225', 'SM112', 'LM77',  'C77'),
  ('M226', 'SM113', 'LM77',  'C77'),
  ('M227', 'SM113', 'LM77',  'C77'),
  ('M228', 'SM114', 'LM78',  'C78'),
  ('M229', 'SM115', 'LM78',  'C78'),
  ('M229', 'SM115', 'LM78',  'C78'),
  ('M229', 'SM115', 'LM78',  'C78'),
  ('M230', 'SM115', 'LM78',  'C78'),
  ('M230', 'SM115', 'LM78',  'C78'),
  ('M230', 'SM115', 'LM78',  'C78'),
  ('M231', 'SM116', 'LM79',  'C79'),
  ('M232', 'SM116', 'LM79',  'C79'),
  ('M233', 'SM117', 'LM80',  'C80'),
  ('M233', 'SM117', 'LM80',  'C80'),
  ('M234', 'SM118', 'LM81',  'C81'),
  ('M234', 'SM118', 'LM81',  'C81'),
  ('M234', 'SM118', 'LM81',  'C81'),
  ('M235', 'SM118', 'LM81',  'C81'),
  ('M235', 'SM118', 'LM81',  'C81'),
  ('M235', 'SM118', 'LM81',  'C81'),
  ('M236', 'SM118', 'LM81',  'C81'),
  ('M236', 'SM118', 'LM81',  'C81'),
  ('M236', 'SM118', 'LM81',  'C81'),
  ('M237', 'SM119', 'LM82',  'C82'),
  ('M237', 'SM119', 'LM82',  'C82'),
  ('M238', 'SM119', 'LM82',  'C82'),
  ('M239', 'SM120', 'LM83',  'C83'),
  ('M240', 'SM120', 'LM83',  'C83'),
  ('M241', 'SM121', 'LM83',  'C83'),
  ('M241', 'SM121', 'LM83',  'C83'),
  ('M242', 'SM122', 'LM84',  'C84'),
  ('M242', 'SM122', 'LM84',  'C84'),
  ('M242', 'SM122', 'LM84',  'C84'),
  ('M243', 'SM123', 'LM85',  'C85'),
  ('M244', 'SM123', 'LM85',  'C85'),
  ('M244', 'SM123', 'LM85',  'C85'),
  ('M245', 'SM124', 'LM85',  'C85'),
  ('M245', 'SM124', 'LM85',  'C85'),
  ('M246', 'SM124', 'LM85',  'C85'),
  ('M246', 'SM124', 'LM85',  'C85'),
  ('M246', 'SM124', 'LM85',  'C85'),
  ('M247', 'SM125', 'LM86',  'C86'),
  ('M248', 'SM125', 'LM86',  'C86'),
  ('M248', 'SM125', 'LM86',  'C86'),
  ('M248', 'SM125', 'LM86',  'C86'),
  ('M249', 'SM125', 'LM86',  'C86'),
  ('M250', 'SM126', 'LM87',  'C87'),
  ('M250', 'SM126', 'LM87',  'C87'),
  ('M251', 'SM127', 'LM87',  'C87'),
  ('M252', 'SM127', 'LM87',  'C87'),
  ('M252', 'SM127', 'LM87',  'C87'),
  ('M253', 'SM128', 'LM88',  'C88'),
  ('M254', 'SM128', 'LM88',  'C88'),
  ('M254', 'SM128', 'LM88',  'C88'),
  ('M255', 'SM129', 'LM89',  'C89'),
  ('M256', 'SM129', 'LM89',  'C89'),
  ('M256', 'SM129', 'LM89',  'C89'),
  ('M256', 'SM129', 'LM89',  'C89'),
  ('M257', 'SM129', 'LM89',  'C89'),
  ('M257', 'SM129', 'LM89',  'C89'),
  ('M258', 'SM130', 'LM89',  'C89'),
  ('M259', 'SM131', 'LM90',  'C90'),
  ('M260', 'SM131', 'LM90',  'C90'),
  ('M260', 'SM131', 'LM90',  'C90'),
  ('M261', 'SM132', 'LM91',  'C91'),
  ('M262', 'SM133', 'LM91',  'C91'),
  ('M263', 'SM134', 'LM92',  'C92'),
  ('M263', 'SM134', 'LM92',  'C92'),
  ('M263', 'SM134', 'LM92',  'C92'),
  ('M264', 'SM135', 'LM93',  'C93'),
  ('M265', 'SM135', 'LM93',  'C93'),
  ('M266', 'SM136', 'LM94',  'C94'),
  ('M266', 'SM136', 'LM94',  'C94'),
  ('M267', 'SM136', 'LM94',  'C94'),
  ('M267', 'SM136', 'LM94',  'C94'),
  ('M267', 'SM136', 'LM94',  'C94'),
  ('M268', 'SM136', 'LM94',  'C94'),
  ('M268', 'SM136', 'LM94',  'C94'),
  ('M269', 'SM137', 'LM94',  'C94'),
  ('M269', 'SM137', 'LM94',  'C94'),
  ('M269', 'SM137', 'LM94',  'C94'),
  ('M270', 'SM137', 'LM94',  'C94'),
  ('M270', 'SM137', 'LM94',  'C94'),
  ('M270', 'SM137', 'LM94',  'C94'),
  ('M271', 'SM138', 'LM95',  'C95'),
  ('M272', 'SM138', 'LM95',  'C95'),
  ('M272', 'SM138', 'LM95',  'C95'),
  ('M273', 'SM138', 'LM95',  'C95'),
  ('M273', 'SM138', 'LM95',  'C95'),
  ('M274', 'SM139', 'LM96',  'C96'),
  ('M275', 'SM139', 'LM96',  'C96'),
  ('M276', 'SM140', 'LM97',  'C97'),
  ('M277', 'SM141', 'LM98',  'C98'),
  ('M277', 'SM141', 'LM98',  'C98'),
  ('M277', 'SM141', 'LM98',  'C98'),
  ('M278', 'SM141', 'LM98',  'C98'),
  ('M278', 'SM141', 'LM98',  'C98'),
  ('M279', 'SM142', 'LM99',  'C99'),
  ('M279', 'SM142', 'LM99',  'C99'),
  ('M279', 'SM142', 'LM99',  'C99'),
  ('M280', 'SM142', 'LM99',  'C99'),
  ('M280', 'SM142', 'LM99',  'C99'),
  ('M280', 'SM142', 'LM99',  'C99'),
  ('M281', 'SM143', 'LM100', 'C100'),
  ('M281', 'SM143', 'LM100', 'C100'),
  ('M282', 'SM144', 'LM100', 'C100'),
  ('M282', 'SM144', 'LM100', 'C100'),
  ('M282', 'SM144', 'LM100', 'C100'),
  ('M283', 'SM144', 'LM100', 'C100'),
  ('M283', 'SM144', 'LM100', 'C100'),
  ('M283', 'SM144', 'LM100', 'C100'),
  ('M284', 'SM144', 'LM100', 'C100'),
  ('M284', 'SM144', 'LM100', 'C100');

insert into Employee values
  ('E1',   'M1',   'SM1',   'LM1',   'C1'),
  ('E1',   'M1',   'SM1',   'LM1',   'C1'),
  ('E1',   'M1',   'SM1',   'LM1',   'C1'),
  ('E1',   'M1',   'SM1',   'LM1',   'C1'),
  ('E1',   'M1',   'SM1',   'LM1',   'C1'),
  ('E1',   'M1',   'SM1',   'LM1',   'C1'),
  ('E2',   'M1',   'SM1',   'LM1',   'C1'),
  ('E2',   'M1',   'SM1',   'LM1',   'C1'),
  ('E2',   'M1',   'SM1',   'LM1',   'C1'),
  ('E2',   'M1',   'SM1',   'LM1',   'C1'),
  ('E2',   'M1',   'SM1',   'LM1',   'C1'),
  ('E3',   'M1',   'SM1',   'LM1',   'C1'),
  ('E3',   'M1',   'SM1',   'LM1',   'C1'),
  ('E3',   'M1',   'SM1',   'LM1',   'C1'),
  ('E3',   'M1',   'SM1',   'LM1',   'C1'),
  ('E4',   'M2',   'SM1',   'LM1',   'C1'),
  ('E4',   'M2',   'SM1',   'LM1',   'C1'),
  ('E5',   'M2',   'SM1',   'LM1',   'C1'),
  ('E5',   'M2',   'SM1',   'LM1',   'C1'),
  ('E5',   'M2',   'SM1',   'LM1',   'C1'),
  ('E6',   'M2',   'SM1',   'LM1',   'C1'),
  ('E6',   'M2',   'SM1',   'LM1',   'C1'),
  ('E6',   'M2',   'SM1',   'LM1',   'C1'),
  ('E6',   'M2',   'SM1',   'LM1',   'C1'),
  ('E6',   'M2',   'SM1',   'LM1',   'C1'),
  ('E6',   'M2',   'SM1',   'LM1',   'C1'),
  ('E7',   'M3',   'SM1',   'LM1',   'C1'),
  ('E7',   'M3',   'SM1',   'LM1',   'C1'),
  ('E7',   'M3',   'SM1',   'LM1',   'C1'),
  ('E7',   'M3',   'SM1',   'LM1',   'C1'),
  ('E7',   'M3',   'SM1',   'LM1',   'C1'),
  ('E7',   'M3',   'SM1',   'LM1',   'C1'),
  ('E8',   'M3',   'SM1',   'LM1',   'C1'),
  ('E8',   'M3',   'SM1',   'LM1',   'C1'),
  ('E8',   'M3',   'SM1',   'LM1',   'C1'),
  ('E8',   'M3',   'SM1',   'LM1',   'C1'),
  ('E8',   'M3',   'SM1',   'LM1',   'C1'),
  ('E8',   'M3',   'SM1',   'LM1',   'C1'),
  ('E9',   'M3',   'SM1',   'LM1',   'C1'),
  ('E9',   'M3',   'SM1',   'LM1',   'C1'),
  ('E10',  'M4',   'SM2',   'LM1',   'C1'),
  ('E10',  'M4',   'SM2',   'LM1',   'C1'),
  ('E10',  'M4',   'SM2',   'LM1',   'C1'),
  ('E10',  'M4',   'SM2',   'LM1',   'C1'),
  ('E11',  'M4',   'SM2',   'LM1',   'C1'),
  ('E11',  'M4',   'SM2',   'LM1',   'C1'),
  ('E12',  'M4',   'SM2',   'LM1',   'C1'),
  ('E12',  'M4',   'SM2',   'LM1',   'C1'),
  ('E13',  'M5',   'SM2',   'LM1',   'C1'),
  ('E13',  'M5',   'SM2',   'LM1',   'C1'),
  ('E13',  'M5',   'SM2',   'LM1',   'C1'),
  ('E13',  'M5',   'SM2',   'LM1',   'C1'),
  ('E13',  'M5',   'SM2',   'LM1',   'C1'),
  ('E14',  'M6',   'SM3',   'LM2',   'C2'),
  ('E14',  'M6',   'SM3',   'LM2',   'C2'),
  ('E14',  'M6',   'SM3',   'LM2',   'C2'),
  ('E14',  'M6',   'SM3',   'LM2',   'C2'),
  ('E14',  'M6',   'SM3',   'LM2',   'C2'),
  ('E14',  'M6',   'SM3',   'LM2',   'C2'),
  ('E15',  'M6',   'SM3',   'LM2',   'C2'),
  ('E15',  'M6',   'SM3',   'LM2',   'C2'),
  ('E15',  'M6',   'SM3',   'LM2',   'C2'),
  ('E16',  'M6',   'SM3',   'LM2',   'C2'),
  ('E16',  'M6',   'SM3',   'LM2',   'C2'),
  ('E16',  'M6',   'SM3',   'LM2',   'C2'),
  ('E16',  'M6',   'SM3',   'LM2',   'C2'),
  ('E16',  'M6',   'SM3',   'LM2',   'C2'),
  ('E16',  'M6',   'SM3',   'LM2',   'C2'),
  ('E17',  'M7',   'SM4',   'LM3',   'C3'),
  ('E17',  'M7',   'SM4',   'LM3',   'C3'),
  ('E17',  'M7',   'SM4',   'LM3',   'C3'),
  ('E17',  'M7',   'SM4',   'LM3',   'C3'),
  ('E17',  'M7',   'SM4',   'LM3',   'C3'),
  ('E18',  'M7',   'SM4',   'LM3',   'C3'),
  ('E18',  'M7',   'SM4',   'LM3',   'C3'),
  ('E18',  'M7',   'SM4',   'LM3',   'C3'),
  ('E19',  'M7',   'SM4',   'LM3',   'C3'),
  ('E20',  'M8',   'SM5',   'LM3',   'C3'),
  ('E20',  'M8',   'SM5',   'LM3',   'C3'),
  ('E20',  'M8',   'SM5',   'LM3',   'C3'),
  ('E20',  'M8',   'SM5',   'LM3',   'C3'),
  ('E21',  'M8',   'SM5',   'LM3',   'C3'),
  ('E21',  'M8',   'SM5',   'LM3',   'C3'),
  ('E21',  'M8',   'SM5',   'LM3',   'C3'),
  ('E21',  'M8',   'SM5',   'LM3',   'C3'),
  ('E22',  'M9',   'SM6',   'LM4',   'C4'),
  ('E22',  'M9',   'SM6',   'LM4',   'C4'),
  ('E23',  'M10',  'SM7',   'LM5',   'C5'),
  ('E23',  'M10',  'SM7',   'LM5',   'C5'),
  ('E23',  'M10',  'SM7',   'LM5',   'C5'),
  ('E23',  'M10',  'SM7',   'LM5',   'C5'),
  ('E24',  'M10',  'SM7',   'LM5',   'C5'),
  ('E25',  'M10',  'SM7',   'LM5',   'C5'),
  ('E25',  'M10',  'SM7',   'LM5',   'C5'),
  ('E25',  'M10',  'SM7',   'LM5',   'C5'),
  ('E25',  'M10',  'SM7',   'LM5',   'C5'),
  ('E25',  'M10',  'SM7',   'LM5',   'C5'),
  ('E26',  'M11',  'SM8',   'LM5',   'C5'),
  ('E26',  'M11',  'SM8',   'LM5',   'C5'),
  ('E26',  'M11',  'SM8',   'LM5',   'C5'),
  ('E27',  'M11',  'SM8',   'LM5',   'C5'),
  ('E27',  'M11',  'SM8',   'LM5',   'C5'),
  ('E27',  'M11',  'SM8',   'LM5',   'C5'),
  ('E27',  'M11',  'SM8',   'LM5',   'C5'),
  ('E27',  'M11',  'SM8',   'LM5',   'C5'),
  ('E28',  'M11',  'SM8',   'LM5',   'C5'),
  ('E28',  'M11',  'SM8',   'LM5',   'C5'),
  ('E28',  'M11',  'SM8',   'LM5',   'C5'),
  ('E28',  'M11',  'SM8',   'LM5',   'C5'),
  ('E28',  'M11',  'SM8',   'LM5',   'C5'),
  ('E28',  'M11',  'SM8',   'LM5',   'C5'),
  ('E29',  'M12',  'SM8',   'LM5',   'C5'),
  ('E29',  'M12',  'SM8',   'LM5',   'C5'),
  ('E29',  'M12',  'SM8',   'LM5',   'C5'),
  ('E29',  'M12',  'SM8',   'LM5',   'C5'),
  ('E30',  'M12',  'SM8',   'LM5',   'C5'),
  ('E30',  'M12',  'SM8',   'LM5',   'C5'),
  ('E31',  'M12',  'SM8',   'LM5',   'C5'),
  ('E31',  'M12',  'SM8',   'LM5',   'C5'),
  ('E31',  'M12',  'SM8',   'LM5',   'C5'),
  ('E32',  'M13',  'SM9',   'LM6',   'C6'),
  ('E32',  'M13',  'SM9',   'LM6',   'C6'),
  ('E32',  'M13',  'SM9',   'LM6',   'C6'),
  ('E32',  'M13',  'SM9',   'LM6',   'C6'),
  ('E32',  'M13',  'SM9',   'LM6',   'C6'),
  ('E33',  'M13',  'SM9',   'LM6',   'C6'),
  ('E33',  'M13',  'SM9',   'LM6',   'C6'),
  ('E33',  'M13',  'SM9',   'LM6',   'C6'),
  ('E33',  'M13',  'SM9',   'LM6',   'C6'),
  ('E33',  'M13',  'SM9',   'LM6',   'C6'),
  ('E33',  'M13',  'SM9',   'LM6',   'C6'),
  ('E34',  'M13',  'SM9',   'LM6',   'C6'),
  ('E35',  'M14',  'SM9',   'LM6',   'C6'),
  ('E35',  'M14',  'SM9',   'LM6',   'C6'),
  ('E35',  'M14',  'SM9',   'LM6',   'C6'),
  ('E36',  'M14',  'SM9',   'LM6',   'C6'),
  ('E36',  'M14',  'SM9',   'LM6',   'C6'),
  ('E36',  'M14',  'SM9',   'LM6',   'C6'),
  ('E36',  'M14',  'SM9',   'LM6',   'C6'),
  ('E36',  'M14',  'SM9',   'LM6',   'C6'),
  ('E37',  'M14',  'SM9',   'LM6',   'C6'),
  ('E37',  'M14',  'SM9',   'LM6',   'C6'),
  ('E37',  'M14',  'SM9',   'LM6',   'C6'),
  ('E38',  'M15',  'SM10',  'LM7',   'C7'),
  ('E38',  'M15',  'SM10',  'LM7',   'C7'),
  ('E38',  'M15',  'SM10',  'LM7',   'C7'),
  ('E38',  'M15',  'SM10',  'LM7',   'C7'),
  ('E39',  'M15',  'SM10',  'LM7',   'C7'),
  ('E39',  'M15',  'SM10',  'LM7',   'C7'),
  ('E40',  'M16',  'SM11',  'LM8',   'C8'),
  ('E41',  'M16',  'SM11',  'LM8',   'C8'),
  ('E42',  'M16',  'SM11',  'LM8',   'C8'),
  ('E42',  'M16',  'SM11',  'LM8',   'C8'),
  ('E42',  'M16',  'SM11',  'LM8',   'C8'),
  ('E42',  'M16',  'SM11',  'LM8',   'C8'),
  ('E43',  'M17',  'SM12',  'LM9',   'C9'),
  ('E43',  'M17',  'SM12',  'LM9',   'C9'),
  ('E43',  'M17',  'SM12',  'LM9',   'C9'),
  ('E43',  'M17',  'SM12',  'LM9',   'C9'),
  ('E43',  'M17',  'SM12',  'LM9',   'C9'),
  ('E44',  'M17',  'SM12',  'LM9',   'C9'),
  ('E45',  'M18',  'SM12',  'LM9',   'C9'),
  ('E45',  'M18',  'SM12',  'LM9',   'C9'),
  ('E45',  'M18',  'SM12',  'LM9',   'C9'),
  ('E45',  'M18',  'SM12',  'LM9',   'C9'),
  ('E45',  'M18',  'SM12',  'LM9',   'C9'),
  ('E46',  'M18',  'SM12',  'LM9',   'C9'),
  ('E46',  'M18',  'SM12',  'LM9',   'C9'),
  ('E46',  'M18',  'SM12',  'LM9',   'C9'),
  ('E46',  'M18',  'SM12',  'LM9',   'C9'),
  ('E46',  'M18',  'SM12',  'LM9',   'C9'),
  ('E47',  'M19',  'SM12',  'LM9',   'C9'),
  ('E47',  'M19',  'SM12',  'LM9',   'C9'),
  ('E47',  'M19',  'SM12',  'LM9',   'C9'),
  ('E48',  'M19',  'SM12',  'LM9',   'C9'),
  ('E48',  'M19',  'SM12',  'LM9',   'C9'),
  ('E48',  'M19',  'SM12',  'LM9',   'C9'),
  ('E49',  'M20',  'SM13',  'LM10',  'C10'),
  ('E49',  'M20',  'SM13',  'LM10',  'C10'),
  ('E49',  'M20',  'SM13',  'LM10',  'C10'),
  ('E50',  'M20',  'SM13',  'LM10',  'C10'),
  ('E50',  'M20',  'SM13',  'LM10',  'C10'),
  ('E50',  'M20',  'SM13',  'LM10',  'C10'),
  ('E50',  'M20',  'SM13',  'LM10',  'C10'),
  ('E50',  'M20',  'SM13',  'LM10',  'C10'),
  ('E50',  'M20',  'SM13',  'LM10',  'C10'),
  ('E51',  'M21',  'SM13',  'LM10',  'C10'),
  ('E51',  'M21',  'SM13',  'LM10',  'C10'),
  ('E51',  'M21',  'SM13',  'LM10',  'C10'),
  ('E51',  'M21',  'SM13',  'LM10',  'C10'),
  ('E52',  'M22',  'SM14',  'LM11',  'C11'),
  ('E52',  'M22',  'SM14',  'LM11',  'C11'),
  ('E52',  'M22',  'SM14',  'LM11',  'C11'),
  ('E53',  'M23',  'SM15',  'LM12',  'C12'),
  ('E53',  'M23',  'SM15',  'LM12',  'C12'),
  ('E53',  'M23',  'SM15',  'LM12',  'C12'),
  ('E53',  'M23',  'SM15',  'LM12',  'C12'),
  ('E53',  'M23',  'SM15',  'LM12',  'C12'),
  ('E54',  'M23',  'SM15',  'LM12',  'C12'),
  ('E55',  'M23',  'SM15',  'LM12',  'C12'),
  ('E55',  'M23',  'SM15',  'LM12',  'C12'),
  ('E55',  'M23',  'SM15',  'LM12',  'C12'),
  ('E55',  'M23',  'SM15',  'LM12',  'C12'),
  ('E56',  'M24',  'SM15',  'LM12',  'C12'),
  ('E57',  'M24',  'SM15',  'LM12',  'C12'),
  ('E58',  'M25',  'SM15',  'LM12',  'C12'),
  ('E58',  'M25',  'SM15',  'LM12',  'C12'),
  ('E59',  'M25',  'SM15',  'LM12',  'C12'),
  ('E59',  'M25',  'SM15',  'LM12',  'C12'),
  ('E59',  'M25',  'SM15',  'LM12',  'C12'),
  ('E59',  'M25',  'SM15',  'LM12',  'C12'),
  ('E59',  'M25',  'SM15',  'LM12',  'C12'),
  ('E59',  'M25',  'SM15',  'LM12',  'C12'),
  ('E60',  'M25',  'SM15',  'LM12',  'C12'),
  ('E60',  'M25',  'SM15',  'LM12',  'C12'),
  ('E61',  'M26',  'SM16',  'LM12',  'C12'),
  ('E61',  'M26',  'SM16',  'LM12',  'C12'),
  ('E61',  'M26',  'SM16',  'LM12',  'C12'),
  ('E61',  'M26',  'SM16',  'LM12',  'C12'),
  ('E61',  'M26',  'SM16',  'LM12',  'C12'),
  ('E61',  'M26',  'SM16',  'LM12',  'C12'),
  ('E62',  'M26',  'SM16',  'LM12',  'C12'),
  ('E62',  'M26',  'SM16',  'LM12',  'C12'),
  ('E62',  'M26',  'SM16',  'LM12',  'C12'),
  ('E62',  'M26',  'SM16',  'LM12',  'C12'),
  ('E62',  'M26',  'SM16',  'LM12',  'C12'),
  ('E63',  'M27',  'SM16',  'LM12',  'C12'),
  ('E63',  'M27',  'SM16',  'LM12',  'C12'),
  ('E63',  'M27',  'SM16',  'LM12',  'C12'),
  ('E64',  'M27',  'SM16',  'LM12',  'C12'),
  ('E64',  'M27',  'SM16',  'LM12',  'C12'),
  ('E64',  'M27',  'SM16',  'LM12',  'C12'),
  ('E64',  'M27',  'SM16',  'LM12',  'C12'),
  ('E64',  'M27',  'SM16',  'LM12',  'C12'),
  ('E65',  'M28',  'SM16',  'LM12',  'C12'),
  ('E66',  'M28',  'SM16',  'LM12',  'C12'),
  ('E66',  'M28',  'SM16',  'LM12',  'C12'),
  ('E67',  'M29',  'SM17',  'LM13',  'C13'),
  ('E67',  'M29',  'SM17',  'LM13',  'C13'),
  ('E67',  'M29',  'SM17',  'LM13',  'C13'),
  ('E67',  'M29',  'SM17',  'LM13',  'C13'),
  ('E67',  'M29',  'SM17',  'LM13',  'C13'),
  ('E67',  'M29',  'SM17',  'LM13',  'C13'),
  ('E68',  'M29',  'SM17',  'LM13',  'C13'),
  ('E68',  'M29',  'SM17',  'LM13',  'C13'),
  ('E68',  'M29',  'SM17',  'LM13',  'C13'),
  ('E68',  'M29',  'SM17',  'LM13',  'C13'),
  ('E68',  'M29',  'SM17',  'LM13',  'C13'),
  ('E68',  'M29',  'SM17',  'LM13',  'C13'),
  ('E69',  'M29',  'SM17',  'LM13',  'C13'),
  ('E69',  'M29',  'SM17',  'LM13',  'C13'),
  ('E69',  'M29',  'SM17',  'LM13',  'C13'),
  ('E69',  'M29',  'SM17',  'LM13',  'C13'),
  ('E69',  'M29',  'SM17',  'LM13',  'C13'),
  ('E70',  'M30',  'SM17',  'LM13',  'C13'),
  ('E70',  'M30',  'SM17',  'LM13',  'C13'),
  ('E70',  'M30',  'SM17',  'LM13',  'C13'),
  ('E70',  'M30',  'SM17',  'LM13',  'C13'),
  ('E70',  'M30',  'SM17',  'LM13',  'C13'),
  ('E71',  'M30',  'SM17',  'LM13',  'C13'),
  ('E71',  'M30',  'SM17',  'LM13',  'C13'),
  ('E71',  'M30',  'SM17',  'LM13',  'C13'),
  ('E71',  'M30',  'SM17',  'LM13',  'C13'),
  ('E71',  'M30',  'SM17',  'LM13',  'C13'),
  ('E72',  'M30',  'SM17',  'LM13',  'C13'),
  ('E72',  'M30',  'SM17',  'LM13',  'C13'),
  ('E72',  'M30',  'SM17',  'LM13',  'C13'),
  ('E73',  'M31',  'SM18',  'LM13',  'C13'),
  ('E73',  'M31',  'SM18',  'LM13',  'C13'),
  ('E74',  'M31',  'SM18',  'LM13',  'C13'),
  ('E74',  'M31',  'SM18',  'LM13',  'C13'),
  ('E74',  'M31',  'SM18',  'LM13',  'C13'),
  ('E74',  'M31',  'SM18',  'LM13',  'C13'),
  ('E75',  'M31',  'SM18',  'LM13',  'C13'),
  ('E75',  'M31',  'SM18',  'LM13',  'C13'),
  ('E75',  'M31',  'SM18',  'LM13',  'C13'),
  ('E75',  'M31',  'SM18',  'LM13',  'C13'),
  ('E76',  'M32',  'SM18',  'LM13',  'C13'),
  ('E77',  'M32',  'SM18',  'LM13',  'C13'),
  ('E77',  'M32',  'SM18',  'LM13',  'C13'),
  ('E77',  'M32',  'SM18',  'LM13',  'C13'),
  ('E77',  'M32',  'SM18',  'LM13',  'C13'),
  ('E77',  'M32',  'SM18',  'LM13',  'C13'),
  ('E77',  'M32',  'SM18',  'LM13',  'C13'),
  ('E78',  'M33',  'SM18',  'LM13',  'C13'),
  ('E78',  'M33',  'SM18',  'LM13',  'C13'),
  ('E78',  'M33',  'SM18',  'LM13',  'C13'),
  ('E78',  'M33',  'SM18',  'LM13',  'C13'),
  ('E78',  'M33',  'SM18',  'LM13',  'C13'),
  ('E79',  'M33',  'SM18',  'LM13',  'C13'),
  ('E79',  'M33',  'SM18',  'LM13',  'C13'),
  ('E79',  'M33',  'SM18',  'LM13',  'C13'),
  ('E79',  'M33',  'SM18',  'LM13',  'C13'),
  ('E80',  'M33',  'SM18',  'LM13',  'C13'),
  ('E80',  'M33',  'SM18',  'LM13',  'C13'),
  ('E80',  'M33',  'SM18',  'LM13',  'C13'),
  ('E80',  'M33',  'SM18',  'LM13',  'C13'),
  ('E81',  'M34',  'SM19',  'LM14',  'C14'),
  ('E81',  'M34',  'SM19',  'LM14',  'C14'),
  ('E81',  'M34',  'SM19',  'LM14',  'C14'),
  ('E82',  'M34',  'SM19',  'LM14',  'C14'),
  ('E83',  'M34',  'SM19',  'LM14',  'C14'),
  ('E83',  'M34',  'SM19',  'LM14',  'C14'),
  ('E83',  'M34',  'SM19',  'LM14',  'C14'),
  ('E83',  'M34',  'SM19',  'LM14',  'C14'),
  ('E83',  'M34',  'SM19',  'LM14',  'C14'),
  ('E83',  'M34',  'SM19',  'LM14',  'C14'),
  ('E84',  'M35',  'SM19',  'LM14',  'C14'),
  ('E84',  'M35',  'SM19',  'LM14',  'C14'),
  ('E85',  'M36',  'SM19',  'LM14',  'C14'),
  ('E85',  'M36',  'SM19',  'LM14',  'C14'),
  ('E85',  'M36',  'SM19',  'LM14',  'C14'),
  ('E86',  'M37',  'SM20',  'LM15',  'C15'),
  ('E86',  'M37',  'SM20',  'LM15',  'C15'),
  ('E86',  'M37',  'SM20',  'LM15',  'C15'),
  ('E86',  'M37',  'SM20',  'LM15',  'C15'),
  ('E86',  'M37',  'SM20',  'LM15',  'C15'),
  ('E87',  'M37',  'SM20',  'LM15',  'C15'),
  ('E87',  'M37',  'SM20',  'LM15',  'C15'),
  ('E88',  'M38',  'SM20',  'LM15',  'C15'),
  ('E89',  'M39',  'SM21',  'LM16',  'C16'),
  ('E89',  'M39',  'SM21',  'LM16',  'C16'),
  ('E89',  'M39',  'SM21',  'LM16',  'C16'),
  ('E89',  'M39',  'SM21',  'LM16',  'C16'),
  ('E89',  'M39',  'SM21',  'LM16',  'C16'),
  ('E89',  'M39',  'SM21',  'LM16',  'C16'),
  ('E90',  'M40',  'SM21',  'LM16',  'C16'),
  ('E91',  'M40',  'SM21',  'LM16',  'C16'),
  ('E91',  'M40',  'SM21',  'LM16',  'C16'),
  ('E92',  'M41',  'SM21',  'LM16',  'C16'),
  ('E92',  'M41',  'SM21',  'LM16',  'C16'),
  ('E92',  'M41',  'SM21',  'LM16',  'C16'),
  ('E93',  'M41',  'SM21',  'LM16',  'C16'),
  ('E93',  'M41',  'SM21',  'LM16',  'C16'),
  ('E93',  'M41',  'SM21',  'LM16',  'C16'),
  ('E94',  'M42',  'SM22',  'LM17',  'C17'),
  ('E94',  'M42',  'SM22',  'LM17',  'C17'),
  ('E94',  'M42',  'SM22',  'LM17',  'C17'),
  ('E94',  'M42',  'SM22',  'LM17',  'C17'),
  ('E95',  'M42',  'SM22',  'LM17',  'C17'),
  ('E96',  'M43',  'SM23',  'LM17',  'C17'),
  ('E96',  'M43',  'SM23',  'LM17',  'C17'),
  ('E96',  'M43',  'SM23',  'LM17',  'C17'),
  ('E96',  'M43',  'SM23',  'LM17',  'C17'),
  ('E96',  'M43',  'SM23',  'LM17',  'C17'),
  ('E96',  'M43',  'SM23',  'LM17',  'C17'),
  ('E97',  'M43',  'SM23',  'LM17',  'C17'),
  ('E97',  'M43',  'SM23',  'LM17',  'C17'),
  ('E97',  'M43',  'SM23',  'LM17',  'C17'),
  ('E97',  'M43',  'SM23',  'LM17',  'C17'),
  ('E97',  'M43',  'SM23',  'LM17',  'C17'),
  ('E98',  'M43',  'SM23',  'LM17',  'C17'),
  ('E98',  'M43',  'SM23',  'LM17',  'C17'),
  ('E98',  'M43',  'SM23',  'LM17',  'C17'),
  ('E98',  'M43',  'SM23',  'LM17',  'C17'),
  ('E98',  'M43',  'SM23',  'LM17',  'C17'),
  ('E98',  'M43',  'SM23',  'LM17',  'C17'),
  ('E99',  'M44',  'SM23',  'LM17',  'C17'),
  ('E99',  'M44',  'SM23',  'LM17',  'C17'),
  ('E100', 'M44',  'SM23',  'LM17',  'C17'),
  ('E100', 'M44',  'SM23',  'LM17',  'C17'),
  ('E100', 'M44',  'SM23',  'LM17',  'C17'),
  ('E100', 'M44',  'SM23',  'LM17',  'C17'),
  ('E100', 'M44',  'SM23',  'LM17',  'C17'),
  ('E100', 'M44',  'SM23',  'LM17',  'C17'),
  ('E101', 'M45',  'SM24',  'LM18',  'C18'),
  ('E101', 'M45',  'SM24',  'LM18',  'C18'),
  ('E101', 'M45',  'SM24',  'LM18',  'C18'),
  ('E101', 'M45',  'SM24',  'LM18',  'C18'),
  ('E101', 'M45',  'SM24',  'LM18',  'C18'),
  ('E101', 'M45',  'SM24',  'LM18',  'C18'),
  ('E102', 'M45',  'SM24',  'LM18',  'C18'),
  ('E102', 'M45',  'SM24',  'LM18',  'C18'),
  ('E102', 'M45',  'SM24',  'LM18',  'C18'),
  ('E103', 'M46',  'SM24',  'LM18',  'C18'),
  ('E103', 'M46',  'SM24',  'LM18',  'C18'),
  ('E103', 'M46',  'SM24',  'LM18',  'C18'),
  ('E104', 'M47',  'SM24',  'LM18',  'C18'),
  ('E104', 'M47',  'SM24',  'LM18',  'C18'),
  ('E105', 'M48',  'SM25',  'LM18',  'C18'),
  ('E105', 'M48',  'SM25',  'LM18',  'C18'),
  ('E106', 'M49',  'SM25',  'LM18',  'C18'),
  ('E106', 'M49',  'SM25',  'LM18',  'C18'),
  ('E106', 'M49',  'SM25',  'LM18',  'C18'),
  ('E106', 'M49',  'SM25',  'LM18',  'C18'),
  ('E106', 'M49',  'SM25',  'LM18',  'C18'),
  ('E107', 'M50',  'SM26',  'LM19',  'C19'),
  ('E107', 'M50',  'SM26',  'LM19',  'C19'),
  ('E107', 'M50',  'SM26',  'LM19',  'C19'),
  ('E107', 'M50',  'SM26',  'LM19',  'C19'),
  ('E107', 'M50',  'SM26',  'LM19',  'C19'),
  ('E107', 'M50',  'SM26',  'LM19',  'C19'),
  ('E108', 'M50',  'SM26',  'LM19',  'C19'),
  ('E108', 'M50',  'SM26',  'LM19',  'C19'),
  ('E109', 'M50',  'SM26',  'LM19',  'C19'),
  ('E110', 'M51',  'SM27',  'LM19',  'C19'),
  ('E110', 'M51',  'SM27',  'LM19',  'C19'),
  ('E110', 'M51',  'SM27',  'LM19',  'C19'),
  ('E111', 'M51',  'SM27',  'LM19',  'C19'),
  ('E111', 'M51',  'SM27',  'LM19',  'C19'),
  ('E111', 'M51',  'SM27',  'LM19',  'C19'),
  ('E111', 'M51',  'SM27',  'LM19',  'C19'),
  ('E112', 'M52',  'SM27',  'LM19',  'C19'),
  ('E112', 'M52',  'SM27',  'LM19',  'C19'),
  ('E112', 'M52',  'SM27',  'LM19',  'C19'),
  ('E112', 'M52',  'SM27',  'LM19',  'C19'),
  ('E112', 'M52',  'SM27',  'LM19',  'C19'),
  ('E112', 'M52',  'SM27',  'LM19',  'C19'),
  ('E113', 'M53',  'SM27',  'LM19',  'C19'),
  ('E114', 'M54',  'SM28',  'LM20',  'C20'),
  ('E114', 'M54',  'SM28',  'LM20',  'C20'),
  ('E114', 'M54',  'SM28',  'LM20',  'C20'),
  ('E114', 'M54',  'SM28',  'LM20',  'C20'),
  ('E115', 'M55',  'SM28',  'LM20',  'C20'),
  ('E115', 'M55',  'SM28',  'LM20',  'C20'),
  ('E115', 'M55',  'SM28',  'LM20',  'C20'),
  ('E115', 'M55',  'SM28',  'LM20',  'C20'),
  ('E115', 'M55',  'SM28',  'LM20',  'C20'),
  ('E115', 'M55',  'SM28',  'LM20',  'C20'),
  ('E116', 'M56',  'SM29',  'LM21',  'C21'),
  ('E116', 'M56',  'SM29',  'LM21',  'C21'),
  ('E116', 'M56',  'SM29',  'LM21',  'C21'),
  ('E116', 'M56',  'SM29',  'LM21',  'C21'),
  ('E117', 'M57',  'SM29',  'LM21',  'C21'),
  ('E117', 'M57',  'SM29',  'LM21',  'C21'),
  ('E117', 'M57',  'SM29',  'LM21',  'C21'),
  ('E117', 'M57',  'SM29',  'LM21',  'C21'),
  ('E117', 'M57',  'SM29',  'LM21',  'C21'),
  ('E117', 'M57',  'SM29',  'LM21',  'C21'),
  ('E118', 'M57',  'SM29',  'LM21',  'C21'),
  ('E118', 'M57',  'SM29',  'LM21',  'C21'),
  ('E118', 'M57',  'SM29',  'LM21',  'C21'),
  ('E118', 'M57',  'SM29',  'LM21',  'C21'),
  ('E118', 'M57',  'SM29',  'LM21',  'C21'),
  ('E119', 'M57',  'SM29',  'LM21',  'C21'),
  ('E119', 'M57',  'SM29',  'LM21',  'C21'),
  ('E119', 'M57',  'SM29',  'LM21',  'C21'),
  ('E119', 'M57',  'SM29',  'LM21',  'C21'),
  ('E119', 'M57',  'SM29',  'LM21',  'C21'),
  ('E120', 'M58',  'SM29',  'LM21',  'C21'),
  ('E121', 'M58',  'SM29',  'LM21',  'C21'),
  ('E121', 'M58',  'SM29',  'LM21',  'C21'),
  ('E121', 'M58',  'SM29',  'LM21',  'C21'),
  ('E121', 'M58',  'SM29',  'LM21',  'C21'),
  ('E121', 'M58',  'SM29',  'LM21',  'C21'),
  ('E121', 'M58',  'SM29',  'LM21',  'C21'),
  ('E122', 'M58',  'SM29',  'LM21',  'C21'),
  ('E122', 'M58',  'SM29',  'LM21',  'C21'),
  ('E122', 'M58',  'SM29',  'LM21',  'C21'),
  ('E122', 'M58',  'SM29',  'LM21',  'C21'),
  ('E123', 'M59',  'SM30',  'LM22',  'C22'),
  ('E124', 'M59',  'SM30',  'LM22',  'C22'),
  ('E124', 'M59',  'SM30',  'LM22',  'C22'),
  ('E124', 'M59',  'SM30',  'LM22',  'C22'),
  ('E124', 'M59',  'SM30',  'LM22',  'C22'),
  ('E124', 'M59',  'SM30',  'LM22',  'C22'),
  ('E125', 'M60',  'SM30',  'LM22',  'C22'),
  ('E125', 'M60',  'SM30',  'LM22',  'C22'),
  ('E125', 'M60',  'SM30',  'LM22',  'C22'),
  ('E125', 'M60',  'SM30',  'LM22',  'C22'),
  ('E125', 'M60',  'SM30',  'LM22',  'C22'),
  ('E126', 'M60',  'SM30',  'LM22',  'C22'),
  ('E126', 'M60',  'SM30',  'LM22',  'C22'),
  ('E127', 'M60',  'SM30',  'LM22',  'C22'),
  ('E127', 'M60',  'SM30',  'LM22',  'C22'),
  ('E127', 'M60',  'SM30',  'LM22',  'C22'),
  ('E128', 'M61',  'SM30',  'LM22',  'C22'),
  ('E128', 'M61',  'SM30',  'LM22',  'C22'),
  ('E128', 'M61',  'SM30',  'LM22',  'C22'),
  ('E128', 'M61',  'SM30',  'LM22',  'C22'),
  ('E128', 'M61',  'SM30',  'LM22',  'C22'),
  ('E128', 'M61',  'SM30',  'LM22',  'C22'),
  ('E129', 'M62',  'SM31',  'LM23',  'C23'),
  ('E129', 'M62',  'SM31',  'LM23',  'C23'),
  ('E129', 'M62',  'SM31',  'LM23',  'C23'),
  ('E129', 'M62',  'SM31',  'LM23',  'C23'),
  ('E129', 'M62',  'SM31',  'LM23',  'C23'),
  ('E129', 'M62',  'SM31',  'LM23',  'C23'),
  ('E130', 'M62',  'SM31',  'LM23',  'C23'),
  ('E130', 'M62',  'SM31',  'LM23',  'C23'),
  ('E131', 'M63',  'SM32',  'LM24',  'C24'),
  ('E131', 'M63',  'SM32',  'LM24',  'C24'),
  ('E131', 'M63',  'SM32',  'LM24',  'C24'),
  ('E132', 'M63',  'SM32',  'LM24',  'C24'),
  ('E132', 'M63',  'SM32',  'LM24',  'C24'),
  ('E133', 'M63',  'SM32',  'LM24',  'C24'),
  ('E134', 'M64',  'SM32',  'LM24',  'C24'),
  ('E134', 'M64',  'SM32',  'LM24',  'C24'),
  ('E134', 'M64',  'SM32',  'LM24',  'C24'),
  ('E134', 'M64',  'SM32',  'LM24',  'C24'),
  ('E134', 'M64',  'SM32',  'LM24',  'C24'),
  ('E134', 'M64',  'SM32',  'LM24',  'C24'),
  ('E135', 'M64',  'SM32',  'LM24',  'C24'),
  ('E135', 'M64',  'SM32',  'LM24',  'C24'),
  ('E135', 'M64',  'SM32',  'LM24',  'C24'),
  ('E135', 'M64',  'SM32',  'LM24',  'C24'),
  ('E135', 'M64',  'SM32',  'LM24',  'C24'),
  ('E136', 'M64',  'SM32',  'LM24',  'C24'),
  ('E136', 'M64',  'SM32',  'LM24',  'C24'),
  ('E136', 'M64',  'SM32',  'LM24',  'C24'),
  ('E136', 'M64',  'SM32',  'LM24',  'C24'),
  ('E136', 'M64',  'SM32',  'LM24',  'C24'),
  ('E136', 'M64',  'SM32',  'LM24',  'C24'),
  ('E137', 'M65',  'SM33',  'LM25',  'C25'),
  ('E137', 'M65',  'SM33',  'LM25',  'C25'),
  ('E138', 'M65',  'SM33',  'LM25',  'C25'),
  ('E138', 'M65',  'SM33',  'LM25',  'C25'),
  ('E138', 'M65',  'SM33',  'LM25',  'C25'),
  ('E138', 'M65',  'SM33',  'LM25',  'C25'),
  ('E138', 'M65',  'SM33',  'LM25',  'C25'),
  ('E138', 'M65',  'SM33',  'LM25',  'C25'),
  ('E139', 'M66',  'SM33',  'LM25',  'C25'),
  ('E140', 'M66',  'SM33',  'LM25',  'C25'),
  ('E140', 'M66',  'SM33',  'LM25',  'C25'),
  ('E140', 'M66',  'SM33',  'LM25',  'C25'),
  ('E140', 'M66',  'SM33',  'LM25',  'C25'),
  ('E141', 'M66',  'SM33',  'LM25',  'C25'),
  ('E141', 'M66',  'SM33',  'LM25',  'C25'),
  ('E141', 'M66',  'SM33',  'LM25',  'C25'),
  ('E141', 'M66',  'SM33',  'LM25',  'C25'),
  ('E142', 'M67',  'SM34',  'LM26',  'C26'),
  ('E142', 'M67',  'SM34',  'LM26',  'C26'),
  ('E142', 'M67',  'SM34',  'LM26',  'C26'),
  ('E142', 'M67',  'SM34',  'LM26',  'C26'),
  ('E142', 'M67',  'SM34',  'LM26',  'C26'),
  ('E142', 'M67',  'SM34',  'LM26',  'C26'),
  ('E143', 'M67',  'SM34',  'LM26',  'C26'),
  ('E144', 'M67',  'SM34',  'LM26',  'C26'),
  ('E144', 'M67',  'SM34',  'LM26',  'C26'),
  ('E145', 'M68',  'SM35',  'LM27',  'C27'),
  ('E145', 'M68',  'SM35',  'LM27',  'C27'),
  ('E145', 'M68',  'SM35',  'LM27',  'C27'),
  ('E145', 'M68',  'SM35',  'LM27',  'C27'),
  ('E145', 'M68',  'SM35',  'LM27',  'C27'),
  ('E146', 'M68',  'SM35',  'LM27',  'C27'),
  ('E146', 'M68',  'SM35',  'LM27',  'C27'),
  ('E146', 'M68',  'SM35',  'LM27',  'C27'),
  ('E146', 'M68',  'SM35',  'LM27',  'C27'),
  ('E146', 'M68',  'SM35',  'LM27',  'C27'),
  ('E147', 'M68',  'SM35',  'LM27',  'C27'),
  ('E148', 'M69',  'SM36',  'LM28',  'C28'),
  ('E148', 'M69',  'SM36',  'LM28',  'C28'),
  ('E148', 'M69',  'SM36',  'LM28',  'C28'),
  ('E148', 'M69',  'SM36',  'LM28',  'C28'),
  ('E149', 'M70',  'SM36',  'LM28',  'C28'),
  ('E149', 'M70',  'SM36',  'LM28',  'C28'),
  ('E150', 'M70',  'SM36',  'LM28',  'C28'),
  ('E150', 'M70',  'SM36',  'LM28',  'C28'),
  ('E150', 'M70',  'SM36',  'LM28',  'C28'),
  ('E150', 'M70',  'SM36',  'LM28',  'C28'),
  ('E150', 'M70',  'SM36',  'LM28',  'C28'),
  ('E150', 'M70',  'SM36',  'LM28',  'C28'),
  ('E151', 'M71',  'SM36',  'LM28',  'C28'),
  ('E151', 'M71',  'SM36',  'LM28',  'C28'),
  ('E151', 'M71',  'SM36',  'LM28',  'C28'),
  ('E152', 'M72',  'SM37',  'LM28',  'C28'),
  ('E152', 'M72',  'SM37',  'LM28',  'C28'),
  ('E152', 'M72',  'SM37',  'LM28',  'C28'),
  ('E152', 'M72',  'SM37',  'LM28',  'C28'),
  ('E153', 'M72',  'SM37',  'LM28',  'C28'),
  ('E153', 'M72',  'SM37',  'LM28',  'C28'),
  ('E153', 'M72',  'SM37',  'LM28',  'C28'),
  ('E154', 'M72',  'SM37',  'LM28',  'C28'),
  ('E155', 'M73',  'SM37',  'LM28',  'C28'),
  ('E155', 'M73',  'SM37',  'LM28',  'C28'),
  ('E155', 'M73',  'SM37',  'LM28',  'C28'),
  ('E155', 'M73',  'SM37',  'LM28',  'C28'),
  ('E156', 'M73',  'SM37',  'LM28',  'C28'),
  ('E156', 'M73',  'SM37',  'LM28',  'C28'),
  ('E157', 'M74',  'SM38',  'LM29',  'C29'),
  ('E157', 'M74',  'SM38',  'LM29',  'C29'),
  ('E157', 'M74',  'SM38',  'LM29',  'C29'),
  ('E158', 'M75',  'SM38',  'LM29',  'C29'),
  ('E158', 'M75',  'SM38',  'LM29',  'C29'),
  ('E159', 'M75',  'SM38',  'LM29',  'C29'),
  ('E159', 'M75',  'SM38',  'LM29',  'C29'),
  ('E159', 'M75',  'SM38',  'LM29',  'C29'),
  ('E159', 'M75',  'SM38',  'LM29',  'C29'),
  ('E160', 'M75',  'SM38',  'LM29',  'C29'),
  ('E160', 'M75',  'SM38',  'LM29',  'C29'),
  ('E160', 'M75',  'SM38',  'LM29',  'C29'),
  ('E160', 'M75',  'SM38',  'LM29',  'C29'),
  ('E160', 'M75',  'SM38',  'LM29',  'C29'),
  ('E161', 'M76',  'SM38',  'LM29',  'C29'),
  ('E161', 'M76',  'SM38',  'LM29',  'C29'),
  ('E161', 'M76',  'SM38',  'LM29',  'C29'),
  ('E161', 'M76',  'SM38',  'LM29',  'C29'),
  ('E161', 'M76',  'SM38',  'LM29',  'C29'),
  ('E162', 'M76',  'SM38',  'LM29',  'C29'),
  ('E162', 'M76',  'SM38',  'LM29',  'C29'),
  ('E163', 'M76',  'SM38',  'LM29',  'C29'),
  ('E163', 'M76',  'SM38',  'LM29',  'C29'),
  ('E163', 'M76',  'SM38',  'LM29',  'C29'),
  ('E163', 'M76',  'SM38',  'LM29',  'C29'),
  ('E164', 'M77',  'SM39',  'LM29',  'C29'),
  ('E164', 'M77',  'SM39',  'LM29',  'C29'),
  ('E164', 'M77',  'SM39',  'LM29',  'C29'),
  ('E164', 'M77',  'SM39',  'LM29',  'C29'),
  ('E164', 'M77',  'SM39',  'LM29',  'C29'),
  ('E165', 'M77',  'SM39',  'LM29',  'C29'),
  ('E165', 'M77',  'SM39',  'LM29',  'C29'),
  ('E165', 'M77',  'SM39',  'LM29',  'C29'),
  ('E165', 'M77',  'SM39',  'LM29',  'C29'),
  ('E165', 'M77',  'SM39',  'LM29',  'C29'),
  ('E165', 'M77',  'SM39',  'LM29',  'C29'),
  ('E166', 'M78',  'SM40',  'LM30',  'C30'),
  ('E166', 'M78',  'SM40',  'LM30',  'C30'),
  ('E166', 'M78',  'SM40',  'LM30',  'C30'),
  ('E166', 'M78',  'SM40',  'LM30',  'C30'),
  ('E166', 'M78',  'SM40',  'LM30',  'C30'),
  ('E167', 'M78',  'SM40',  'LM30',  'C30'),
  ('E167', 'M78',  'SM40',  'LM30',  'C30'),
  ('E168', 'M78',  'SM40',  'LM30',  'C30'),
  ('E168', 'M78',  'SM40',  'LM30',  'C30'),
  ('E169', 'M79',  'SM40',  'LM30',  'C30'),
  ('E169', 'M79',  'SM40',  'LM30',  'C30'),
  ('E169', 'M79',  'SM40',  'LM30',  'C30'),
  ('E169', 'M79',  'SM40',  'LM30',  'C30'),
  ('E170', 'M79',  'SM40',  'LM30',  'C30'),
  ('E170', 'M79',  'SM40',  'LM30',  'C30'),
  ('E170', 'M79',  'SM40',  'LM30',  'C30'),
  ('E170', 'M79',  'SM40',  'LM30',  'C30'),
  ('E171', 'M80',  'SM41',  'LM31',  'C31'),
  ('E172', 'M80',  'SM41',  'LM31',  'C31'),
  ('E172', 'M80',  'SM41',  'LM31',  'C31'),
  ('E172', 'M80',  'SM41',  'LM31',  'C31'),
  ('E172', 'M80',  'SM41',  'LM31',  'C31'),
  ('E172', 'M80',  'SM41',  'LM31',  'C31'),
  ('E173', 'M80',  'SM41',  'LM31',  'C31'),
  ('E173', 'M80',  'SM41',  'LM31',  'C31'),
  ('E173', 'M80',  'SM41',  'LM31',  'C31'),
  ('E174', 'M81',  'SM42',  'LM32',  'C32'),
  ('E174', 'M81',  'SM42',  'LM32',  'C32'),
  ('E174', 'M81',  'SM42',  'LM32',  'C32'),
  ('E174', 'M81',  'SM42',  'LM32',  'C32'),
  ('E174', 'M81',  'SM42',  'LM32',  'C32'),
  ('E174', 'M81',  'SM42',  'LM32',  'C32'),
  ('E175', 'M81',  'SM42',  'LM32',  'C32'),
  ('E175', 'M81',  'SM42',  'LM32',  'C32'),
  ('E175', 'M81',  'SM42',  'LM32',  'C32'),
  ('E175', 'M81',  'SM42',  'LM32',  'C32'),
  ('E176', 'M82',  'SM43',  'LM32',  'C32'),
  ('E176', 'M82',  'SM43',  'LM32',  'C32'),
  ('E176', 'M82',  'SM43',  'LM32',  'C32'),
  ('E177', 'M83',  'SM43',  'LM32',  'C32'),
  ('E177', 'M83',  'SM43',  'LM32',  'C32'),
  ('E178', 'M83',  'SM43',  'LM32',  'C32'),
  ('E178', 'M83',  'SM43',  'LM32',  'C32'),
  ('E178', 'M83',  'SM43',  'LM32',  'C32'),
  ('E178', 'M83',  'SM43',  'LM32',  'C32'),
  ('E178', 'M83',  'SM43',  'LM32',  'C32'),
  ('E179', 'M83',  'SM43',  'LM32',  'C32'),
  ('E180', 'M84',  'SM43',  'LM32',  'C32'),
  ('E180', 'M84',  'SM43',  'LM32',  'C32'),
  ('E181', 'M84',  'SM43',  'LM32',  'C32'),
  ('E181', 'M84',  'SM43',  'LM32',  'C32'),
  ('E181', 'M84',  'SM43',  'LM32',  'C32'),
  ('E182', 'M85',  'SM44',  'LM33',  'C33'),
  ('E182', 'M85',  'SM44',  'LM33',  'C33'),
  ('E182', 'M85',  'SM44',  'LM33',  'C33'),
  ('E183', 'M85',  'SM44',  'LM33',  'C33'),
  ('E183', 'M85',  'SM44',  'LM33',  'C33'),
  ('E183', 'M85',  'SM44',  'LM33',  'C33'),
  ('E183', 'M85',  'SM44',  'LM33',  'C33'),
  ('E183', 'M85',  'SM44',  'LM33',  'C33'),
  ('E183', 'M85',  'SM44',  'LM33',  'C33'),
  ('E184', 'M85',  'SM44',  'LM33',  'C33'),
  ('E184', 'M85',  'SM44',  'LM33',  'C33'),
  ('E185', 'M86',  'SM44',  'LM33',  'C33'),
  ('E185', 'M86',  'SM44',  'LM33',  'C33'),
  ('E185', 'M86',  'SM44',  'LM33',  'C33'),
  ('E185', 'M86',  'SM44',  'LM33',  'C33'),
  ('E185', 'M86',  'SM44',  'LM33',  'C33'),
  ('E186', 'M86',  'SM44',  'LM33',  'C33'),
  ('E187', 'M86',  'SM44',  'LM33',  'C33'),
  ('E187', 'M86',  'SM44',  'LM33',  'C33'),
  ('E188', 'M87',  'SM44',  'LM33',  'C33'),
  ('E189', 'M88',  'SM45',  'LM33',  'C33'),
  ('E189', 'M88',  'SM45',  'LM33',  'C33'),
  ('E189', 'M88',  'SM45',  'LM33',  'C33'),
  ('E189', 'M88',  'SM45',  'LM33',  'C33'),
  ('E189', 'M88',  'SM45',  'LM33',  'C33'),
  ('E190', 'M88',  'SM45',  'LM33',  'C33'),
  ('E190', 'M88',  'SM45',  'LM33',  'C33'),
  ('E190', 'M88',  'SM45',  'LM33',  'C33'),
  ('E190', 'M88',  'SM45',  'LM33',  'C33'),
  ('E191', 'M88',  'SM45',  'LM33',  'C33'),
  ('E191', 'M88',  'SM45',  'LM33',  'C33'),
  ('E191', 'M88',  'SM45',  'LM33',  'C33'),
  ('E192', 'M89',  'SM45',  'LM33',  'C33'),
  ('E192', 'M89',  'SM45',  'LM33',  'C33'),
  ('E193', 'M89',  'SM45',  'LM33',  'C33'),
  ('E194', 'M90',  'SM46',  'LM34',  'C34'),
  ('E194', 'M90',  'SM46',  'LM34',  'C34'),
  ('E194', 'M90',  'SM46',  'LM34',  'C34'),
  ('E194', 'M90',  'SM46',  'LM34',  'C34'),
  ('E195', 'M90',  'SM46',  'LM34',  'C34'),
  ('E195', 'M90',  'SM46',  'LM34',  'C34'),
  ('E196', 'M91',  'SM46',  'LM34',  'C34'),
  ('E196', 'M91',  'SM46',  'LM34',  'C34'),
  ('E196', 'M91',  'SM46',  'LM34',  'C34'),
  ('E197', 'M91',  'SM46',  'LM34',  'C34'),
  ('E197', 'M91',  'SM46',  'LM34',  'C34'),
  ('E197', 'M91',  'SM46',  'LM34',  'C34'),
  ('E198', 'M92',  'SM46',  'LM34',  'C34'),
  ('E198', 'M92',  'SM46',  'LM34',  'C34'),
  ('E198', 'M92',  'SM46',  'LM34',  'C34'),
  ('E199', 'M93',  'SM47',  'LM34',  'C34'),
  ('E199', 'M93',  'SM47',  'LM34',  'C34'),
  ('E200', 'M94',  'SM47',  'LM34',  'C34'),
  ('E200', 'M94',  'SM47',  'LM34',  'C34'),
  ('E201', 'M95',  'SM47',  'LM34',  'C34'),
  ('E201', 'M95',  'SM47',  'LM34',  'C34'),
  ('E201', 'M95',  'SM47',  'LM34',  'C34'),
  ('E201', 'M95',  'SM47',  'LM34',  'C34'),
  ('E202', 'M95',  'SM47',  'LM34',  'C34'),
  ('E202', 'M95',  'SM47',  'LM34',  'C34'),
  ('E202', 'M95',  'SM47',  'LM34',  'C34'),
  ('E203', 'M95',  'SM47',  'LM34',  'C34'),
  ('E203', 'M95',  'SM47',  'LM34',  'C34'),
  ('E203', 'M95',  'SM47',  'LM34',  'C34'),
  ('E203', 'M95',  'SM47',  'LM34',  'C34'),
  ('E203', 'M95',  'SM47',  'LM34',  'C34'),
  ('E204', 'M96',  'SM48',  'LM35',  'C35'),
  ('E204', 'M96',  'SM48',  'LM35',  'C35'),
  ('E204', 'M96',  'SM48',  'LM35',  'C35'),
  ('E205', 'M96',  'SM48',  'LM35',  'C35'),
  ('E205', 'M96',  'SM48',  'LM35',  'C35'),
  ('E206', 'M97',  'SM48',  'LM35',  'C35'),
  ('E206', 'M97',  'SM48',  'LM35',  'C35'),
  ('E206', 'M97',  'SM48',  'LM35',  'C35'),
  ('E206', 'M97',  'SM48',  'LM35',  'C35'),
  ('E206', 'M97',  'SM48',  'LM35',  'C35'),
  ('E206', 'M97',  'SM48',  'LM35',  'C35'),
  ('E207', 'M97',  'SM48',  'LM35',  'C35'),
  ('E207', 'M97',  'SM48',  'LM35',  'C35'),
  ('E208', 'M98',  'SM48',  'LM35',  'C35'),
  ('E208', 'M98',  'SM48',  'LM35',  'C35'),
  ('E209', 'M98',  'SM48',  'LM35',  'C35'),
  ('E209', 'M98',  'SM48',  'LM35',  'C35'),
  ('E209', 'M98',  'SM48',  'LM35',  'C35'),
  ('E209', 'M98',  'SM48',  'LM35',  'C35'),
  ('E209', 'M98',  'SM48',  'LM35',  'C35'),
  ('E210', 'M98',  'SM48',  'LM35',  'C35'),
  ('E210', 'M98',  'SM48',  'LM35',  'C35'),
  ('E210', 'M98',  'SM48',  'LM35',  'C35'),
  ('E210', 'M98',  'SM48',  'LM35',  'C35'),
  ('E211', 'M99',  'SM49',  'LM35',  'C35'),
  ('E211', 'M99',  'SM49',  'LM35',  'C35'),
  ('E211', 'M99',  'SM49',  'LM35',  'C35'),
  ('E211', 'M99',  'SM49',  'LM35',  'C35'),
  ('E211', 'M99',  'SM49',  'LM35',  'C35'),
  ('E212', 'M99',  'SM49',  'LM35',  'C35'),
  ('E212', 'M99',  'SM49',  'LM35',  'C35'),
  ('E212', 'M99',  'SM49',  'LM35',  'C35'),
  ('E212', 'M99',  'SM49',  'LM35',  'C35'),
  ('E212', 'M99',  'SM49',  'LM35',  'C35'),
  ('E212', 'M99',  'SM49',  'LM35',  'C35'),
  ('E213', 'M100', 'SM49',  'LM35',  'C35'),
  ('E213', 'M100', 'SM49',  'LM35',  'C35'),
  ('E213', 'M100', 'SM49',  'LM35',  'C35'),
  ('E213', 'M100', 'SM49',  'LM35',  'C35'),
  ('E213', 'M100', 'SM49',  'LM35',  'C35'),
  ('E213', 'M100', 'SM49',  'LM35',  'C35'),
  ('E214', 'M101', 'SM49',  'LM35',  'C35'),
  ('E214', 'M101', 'SM49',  'LM35',  'C35'),
  ('E214', 'M101', 'SM49',  'LM35',  'C35'),
  ('E215', 'M101', 'SM49',  'LM35',  'C35'),
  ('E215', 'M101', 'SM49',  'LM35',  'C35'),
  ('E215', 'M101', 'SM49',  'LM35',  'C35'),
  ('E215', 'M101', 'SM49',  'LM35',  'C35'),
  ('E215', 'M101', 'SM49',  'LM35',  'C35'),
  ('E215', 'M101', 'SM49',  'LM35',  'C35'),
  ('E216', 'M102', 'SM50',  'LM36',  'C36'),
  ('E216', 'M102', 'SM50',  'LM36',  'C36'),
  ('E216', 'M102', 'SM50',  'LM36',  'C36'),
  ('E217', 'M102', 'SM50',  'LM36',  'C36'),
  ('E217', 'M102', 'SM50',  'LM36',  'C36'),
  ('E217', 'M102', 'SM50',  'LM36',  'C36'),
  ('E218', 'M103', 'SM50',  'LM36',  'C36'),
  ('E218', 'M103', 'SM50',  'LM36',  'C36'),
  ('E218', 'M103', 'SM50',  'LM36',  'C36'),
  ('E218', 'M103', 'SM50',  'LM36',  'C36'),
  ('E218', 'M103', 'SM50',  'LM36',  'C36'),
  ('E218', 'M103', 'SM50',  'LM36',  'C36'),
  ('E219', 'M103', 'SM50',  'LM36',  'C36'),
  ('E219', 'M103', 'SM50',  'LM36',  'C36'),
  ('E219', 'M103', 'SM50',  'LM36',  'C36'),
  ('E219', 'M103', 'SM50',  'LM36',  'C36'),
  ('E220', 'M103', 'SM50',  'LM36',  'C36'),
  ('E220', 'M103', 'SM50',  'LM36',  'C36'),
  ('E220', 'M103', 'SM50',  'LM36',  'C36'),
  ('E221', 'M104', 'SM51',  'LM36',  'C36'),
  ('E221', 'M104', 'SM51',  'LM36',  'C36'),
  ('E221', 'M104', 'SM51',  'LM36',  'C36'),
  ('E221', 'M104', 'SM51',  'LM36',  'C36'),
  ('E222', 'M104', 'SM51',  'LM36',  'C36'),
  ('E222', 'M104', 'SM51',  'LM36',  'C36'),
  ('E222', 'M104', 'SM51',  'LM36',  'C36'),
  ('E222', 'M104', 'SM51',  'LM36',  'C36'),
  ('E222', 'M104', 'SM51',  'LM36',  'C36'),
  ('E222', 'M104', 'SM51',  'LM36',  'C36'),
  ('E223', 'M105', 'SM51',  'LM36',  'C36'),
  ('E223', 'M105', 'SM51',  'LM36',  'C36'),
  ('E224', 'M105', 'SM51',  'LM36',  'C36'),
  ('E224', 'M105', 'SM51',  'LM36',  'C36'),
  ('E224', 'M105', 'SM51',  'LM36',  'C36'),
  ('E224', 'M105', 'SM51',  'LM36',  'C36'),
  ('E224', 'M105', 'SM51',  'LM36',  'C36'),
  ('E225', 'M106', 'SM51',  'LM36',  'C36'),
  ('E225', 'M106', 'SM51',  'LM36',  'C36'),
  ('E225', 'M106', 'SM51',  'LM36',  'C36'),
  ('E226', 'M106', 'SM51',  'LM36',  'C36'),
  ('E226', 'M106', 'SM51',  'LM36',  'C36'),
  ('E226', 'M106', 'SM51',  'LM36',  'C36'),
  ('E226', 'M106', 'SM51',  'LM36',  'C36'),
  ('E227', 'M107', 'SM52',  'LM37',  'C37'),
  ('E227', 'M107', 'SM52',  'LM37',  'C37'),
  ('E227', 'M107', 'SM52',  'LM37',  'C37'),
  ('E227', 'M107', 'SM52',  'LM37',  'C37'),
  ('E227', 'M107', 'SM52',  'LM37',  'C37'),
  ('E228', 'M107', 'SM52',  'LM37',  'C37'),
  ('E228', 'M107', 'SM52',  'LM37',  'C37'),
  ('E229', 'M108', 'SM52',  'LM37',  'C37'),
  ('E229', 'M108', 'SM52',  'LM37',  'C37'),
  ('E229', 'M108', 'SM52',  'LM37',  'C37'),
  ('E229', 'M108', 'SM52',  'LM37',  'C37'),
  ('E229', 'M108', 'SM52',  'LM37',  'C37'),
  ('E229', 'M108', 'SM52',  'LM37',  'C37'),
  ('E230', 'M108', 'SM52',  'LM37',  'C37'),
  ('E230', 'M108', 'SM52',  'LM37',  'C37'),
  ('E230', 'M108', 'SM52',  'LM37',  'C37'),
  ('E230', 'M108', 'SM52',  'LM37',  'C37'),
  ('E230', 'M108', 'SM52',  'LM37',  'C37'),
  ('E231', 'M108', 'SM52',  'LM37',  'C37'),
  ('E231', 'M108', 'SM52',  'LM37',  'C37'),
  ('E231', 'M108', 'SM52',  'LM37',  'C37'),
  ('E231', 'M108', 'SM52',  'LM37',  'C37'),
  ('E232', 'M109', 'SM53',  'LM38',  'C38'),
  ('E232', 'M109', 'SM53',  'LM38',  'C38'),
  ('E233', 'M109', 'SM53',  'LM38',  'C38'),
  ('E234', 'M110', 'SM54',  'LM38',  'C38'),
  ('E234', 'M110', 'SM54',  'LM38',  'C38'),
  ('E234', 'M110', 'SM54',  'LM38',  'C38'),
  ('E234', 'M110', 'SM54',  'LM38',  'C38'),
  ('E234', 'M110', 'SM54',  'LM38',  'C38'),
  ('E234', 'M110', 'SM54',  'LM38',  'C38'),
  ('E235', 'M111', 'SM54',  'LM38',  'C38'),
  ('E235', 'M111', 'SM54',  'LM38',  'C38'),
  ('E235', 'M111', 'SM54',  'LM38',  'C38'),
  ('E235', 'M111', 'SM54',  'LM38',  'C38'),
  ('E235', 'M111', 'SM54',  'LM38',  'C38'),
  ('E236', 'M112', 'SM54',  'LM38',  'C38'),
  ('E236', 'M112', 'SM54',  'LM38',  'C38'),
  ('E236', 'M112', 'SM54',  'LM38',  'C38'),
  ('E237', 'M112', 'SM54',  'LM38',  'C38'),
  ('E237', 'M112', 'SM54',  'LM38',  'C38'),
  ('E238', 'M113', 'SM55',  'LM39',  'C39'),
  ('E238', 'M113', 'SM55',  'LM39',  'C39'),
  ('E238', 'M113', 'SM55',  'LM39',  'C39'),
  ('E238', 'M113', 'SM55',  'LM39',  'C39'),
  ('E238', 'M113', 'SM55',  'LM39',  'C39'),
  ('E239', 'M113', 'SM55',  'LM39',  'C39'),
  ('E239', 'M113', 'SM55',  'LM39',  'C39'),
  ('E239', 'M113', 'SM55',  'LM39',  'C39'),
  ('E239', 'M113', 'SM55',  'LM39',  'C39'),
  ('E240', 'M114', 'SM55',  'LM39',  'C39'),
  ('E240', 'M114', 'SM55',  'LM39',  'C39'),
  ('E240', 'M114', 'SM55',  'LM39',  'C39'),
  ('E240', 'M114', 'SM55',  'LM39',  'C39'),
  ('E241', 'M114', 'SM55',  'LM39',  'C39'),
  ('E242', 'M115', 'SM55',  'LM39',  'C39'),
  ('E242', 'M115', 'SM55',  'LM39',  'C39'),
  ('E243', 'M115', 'SM55',  'LM39',  'C39'),
  ('E243', 'M115', 'SM55',  'LM39',  'C39'),
  ('E243', 'M115', 'SM55',  'LM39',  'C39'),
  ('E243', 'M115', 'SM55',  'LM39',  'C39'),
  ('E243', 'M115', 'SM55',  'LM39',  'C39'),
  ('E244', 'M115', 'SM55',  'LM39',  'C39'),
  ('E245', 'M116', 'SM56',  'LM40',  'C40'),
  ('E246', 'M116', 'SM56',  'LM40',  'C40'),
  ('E246', 'M116', 'SM56',  'LM40',  'C40'),
  ('E246', 'M116', 'SM56',  'LM40',  'C40'),
  ('E247', 'M117', 'SM56',  'LM40',  'C40'),
  ('E247', 'M117', 'SM56',  'LM40',  'C40'),
  ('E248', 'M117', 'SM56',  'LM40',  'C40'),
  ('E248', 'M117', 'SM56',  'LM40',  'C40'),
  ('E248', 'M117', 'SM56',  'LM40',  'C40'),
  ('E248', 'M117', 'SM56',  'LM40',  'C40'),
  ('E248', 'M117', 'SM56',  'LM40',  'C40'),
  ('E249', 'M117', 'SM56',  'LM40',  'C40'),
  ('E249', 'M117', 'SM56',  'LM40',  'C40'),
  ('E249', 'M117', 'SM56',  'LM40',  'C40'),
  ('E249', 'M117', 'SM56',  'LM40',  'C40'),
  ('E249', 'M117', 'SM56',  'LM40',  'C40'),
  ('E249', 'M117', 'SM56',  'LM40',  'C40'),
  ('E250', 'M118', 'SM56',  'LM40',  'C40'),
  ('E250', 'M118', 'SM56',  'LM40',  'C40'),
  ('E251', 'M119', 'SM57',  'LM41',  'C41'),
  ('E251', 'M119', 'SM57',  'LM41',  'C41'),
  ('E251', 'M119', 'SM57',  'LM41',  'C41'),
  ('E251', 'M119', 'SM57',  'LM41',  'C41'),
  ('E251', 'M119', 'SM57',  'LM41',  'C41'),
  ('E252', 'M119', 'SM57',  'LM41',  'C41'),
  ('E252', 'M119', 'SM57',  'LM41',  'C41'),
  ('E252', 'M119', 'SM57',  'LM41',  'C41'),
  ('E252', 'M119', 'SM57',  'LM41',  'C41'),
  ('E253', 'M119', 'SM57',  'LM41',  'C41'),
  ('E254', 'M120', 'SM58',  'LM41',  'C41'),
  ('E254', 'M120', 'SM58',  'LM41',  'C41'),
  ('E254', 'M120', 'SM58',  'LM41',  'C41'),
  ('E255', 'M120', 'SM58',  'LM41',  'C41'),
  ('E255', 'M120', 'SM58',  'LM41',  'C41'),
  ('E255', 'M120', 'SM58',  'LM41',  'C41'),
  ('E255', 'M120', 'SM58',  'LM41',  'C41'),
  ('E255', 'M120', 'SM58',  'LM41',  'C41'),
  ('E256', 'M120', 'SM58',  'LM41',  'C41'),
  ('E256', 'M120', 'SM58',  'LM41',  'C41'),
  ('E256', 'M120', 'SM58',  'LM41',  'C41'),
  ('E256', 'M120', 'SM58',  'LM41',  'C41'),
  ('E257', 'M121', 'SM58',  'LM41',  'C41'),
  ('E257', 'M121', 'SM58',  'LM41',  'C41'),
  ('E258', 'M122', 'SM59',  'LM42',  'C42'),
  ('E258', 'M122', 'SM59',  'LM42',  'C42'),
  ('E259', 'M123', 'SM59',  'LM42',  'C42'),
  ('E259', 'M123', 'SM59',  'LM42',  'C42'),
  ('E259', 'M123', 'SM59',  'LM42',  'C42'),
  ('E259', 'M123', 'SM59',  'LM42',  'C42'),
  ('E259', 'M123', 'SM59',  'LM42',  'C42'),
  ('E259', 'M123', 'SM59',  'LM42',  'C42'),
  ('E260', 'M123', 'SM59',  'LM42',  'C42'),
  ('E260', 'M123', 'SM59',  'LM42',  'C42'),
  ('E260', 'M123', 'SM59',  'LM42',  'C42'),
  ('E260', 'M123', 'SM59',  'LM42',  'C42'),
  ('E261', 'M123', 'SM59',  'LM42',  'C42'),
  ('E262', 'M124', 'SM59',  'LM42',  'C42'),
  ('E263', 'M124', 'SM59',  'LM42',  'C42'),
  ('E264', 'M124', 'SM59',  'LM42',  'C42'),
  ('E264', 'M124', 'SM59',  'LM42',  'C42'),
  ('E265', 'M125', 'SM60',  'LM42',  'C42'),
  ('E266', 'M126', 'SM61',  'LM43',  'C43'),
  ('E266', 'M126', 'SM61',  'LM43',  'C43'),
  ('E266', 'M126', 'SM61',  'LM43',  'C43'),
  ('E266', 'M126', 'SM61',  'LM43',  'C43'),
  ('E266', 'M126', 'SM61',  'LM43',  'C43'),
  ('E266', 'M126', 'SM61',  'LM43',  'C43'),
  ('E267', 'M127', 'SM61',  'LM43',  'C43'),
  ('E268', 'M127', 'SM61',  'LM43',  'C43'),
  ('E268', 'M127', 'SM61',  'LM43',  'C43'),
  ('E268', 'M127', 'SM61',  'LM43',  'C43'),
  ('E268', 'M127', 'SM61',  'LM43',  'C43'),
  ('E269', 'M127', 'SM61',  'LM43',  'C43'),
  ('E270', 'M128', 'SM61',  'LM43',  'C43'),
  ('E271', 'M129', 'SM62',  'LM43',  'C43'),
  ('E271', 'M129', 'SM62',  'LM43',  'C43'),
  ('E271', 'M129', 'SM62',  'LM43',  'C43'),
  ('E271', 'M129', 'SM62',  'LM43',  'C43'),
  ('E271', 'M129', 'SM62',  'LM43',  'C43'),
  ('E271', 'M129', 'SM62',  'LM43',  'C43'),
  ('E272', 'M130', 'SM63',  'LM44',  'C44'),
  ('E272', 'M130', 'SM63',  'LM44',  'C44'),
  ('E273', 'M130', 'SM63',  'LM44',  'C44'),
  ('E273', 'M130', 'SM63',  'LM44',  'C44'),
  ('E273', 'M130', 'SM63',  'LM44',  'C44'),
  ('E273', 'M130', 'SM63',  'LM44',  'C44'),
  ('E273', 'M130', 'SM63',  'LM44',  'C44'),
  ('E274', 'M131', 'SM63',  'LM44',  'C44'),
  ('E274', 'M131', 'SM63',  'LM44',  'C44'),
  ('E274', 'M131', 'SM63',  'LM44',  'C44'),
  ('E275', 'M132', 'SM63',  'LM44',  'C44'),
  ('E275', 'M132', 'SM63',  'LM44',  'C44'),
  ('E275', 'M132', 'SM63',  'LM44',  'C44'),
  ('E276', 'M133', 'SM64',  'LM45',  'C45'),
  ('E276', 'M133', 'SM64',  'LM45',  'C45'),
  ('E276', 'M133', 'SM64',  'LM45',  'C45'),
  ('E276', 'M133', 'SM64',  'LM45',  'C45'),
  ('E276', 'M133', 'SM64',  'LM45',  'C45'),
  ('E277', 'M133', 'SM64',  'LM45',  'C45'),
  ('E277', 'M133', 'SM64',  'LM45',  'C45'),
  ('E277', 'M133', 'SM64',  'LM45',  'C45'),
  ('E277', 'M133', 'SM64',  'LM45',  'C45'),
  ('E277', 'M133', 'SM64',  'LM45',  'C45'),
  ('E278', 'M133', 'SM64',  'LM45',  'C45'),
  ('E278', 'M133', 'SM64',  'LM45',  'C45'),
  ('E278', 'M133', 'SM64',  'LM45',  'C45'),
  ('E278', 'M133', 'SM64',  'LM45',  'C45'),
  ('E278', 'M133', 'SM64',  'LM45',  'C45'),
  ('E278', 'M133', 'SM64',  'LM45',  'C45'),
  ('E279', 'M134', 'SM65',  'LM46',  'C46'),
  ('E279', 'M134', 'SM65',  'LM46',  'C46'),
  ('E279', 'M134', 'SM65',  'LM46',  'C46'),
  ('E279', 'M134', 'SM65',  'LM46',  'C46'),
  ('E280', 'M134', 'SM65',  'LM46',  'C46'),
  ('E280', 'M134', 'SM65',  'LM46',  'C46'),
  ('E280', 'M134', 'SM65',  'LM46',  'C46'),
  ('E280', 'M134', 'SM65',  'LM46',  'C46'),
  ('E280', 'M134', 'SM65',  'LM46',  'C46'),
  ('E281', 'M134', 'SM65',  'LM46',  'C46'),
  ('E281', 'M134', 'SM65',  'LM46',  'C46'),
  ('E281', 'M134', 'SM65',  'LM46',  'C46'),
  ('E282', 'M135', 'SM65',  'LM46',  'C46'),
  ('E282', 'M135', 'SM65',  'LM46',  'C46'),
  ('E282', 'M135', 'SM65',  'LM46',  'C46'),
  ('E283', 'M135', 'SM65',  'LM46',  'C46'),
  ('E283', 'M135', 'SM65',  'LM46',  'C46'),
  ('E283', 'M135', 'SM65',  'LM46',  'C46'),
  ('E283', 'M135', 'SM65',  'LM46',  'C46'),
  ('E284', 'M135', 'SM65',  'LM46',  'C46'),
  ('E284', 'M135', 'SM65',  'LM46',  'C46'),
  ('E284', 'M135', 'SM65',  'LM46',  'C46'),
  ('E285', 'M136', 'SM66',  'LM46',  'C46'),
  ('E285', 'M136', 'SM66',  'LM46',  'C46'),
  ('E285', 'M136', 'SM66',  'LM46',  'C46'),
  ('E285', 'M136', 'SM66',  'LM46',  'C46'),
  ('E285', 'M136', 'SM66',  'LM46',  'C46'),
  ('E285', 'M136', 'SM66',  'LM46',  'C46'),
  ('E286', 'M136', 'SM66',  'LM46',  'C46'),
  ('E286', 'M136', 'SM66',  'LM46',  'C46'),
  ('E286', 'M136', 'SM66',  'LM46',  'C46'),
  ('E286', 'M136', 'SM66',  'LM46',  'C46'),
  ('E287', 'M136', 'SM66',  'LM46',  'C46'),
  ('E288', 'M137', 'SM67',  'LM47',  'C47'),
  ('E288', 'M137', 'SM67',  'LM47',  'C47'),
  ('E288', 'M137', 'SM67',  'LM47',  'C47'),
  ('E288', 'M137', 'SM67',  'LM47',  'C47'),
  ('E288', 'M137', 'SM67',  'LM47',  'C47'),
  ('E289', 'M137', 'SM67',  'LM47',  'C47'),
  ('E289', 'M137', 'SM67',  'LM47',  'C47'),
  ('E289', 'M137', 'SM67',  'LM47',  'C47'),
  ('E289', 'M137', 'SM67',  'LM47',  'C47'),
  ('E289', 'M137', 'SM67',  'LM47',  'C47'),
  ('E289', 'M137', 'SM67',  'LM47',  'C47'),
  ('E290', 'M138', 'SM67',  'LM47',  'C47'),
  ('E290', 'M138', 'SM67',  'LM47',  'C47'),
  ('E290', 'M138', 'SM67',  'LM47',  'C47'),
  ('E290', 'M138', 'SM67',  'LM47',  'C47'),
  ('E290', 'M138', 'SM67',  'LM47',  'C47'),
  ('E291', 'M139', 'SM68',  'LM47',  'C47'),
  ('E291', 'M139', 'SM68',  'LM47',  'C47'),
  ('E292', 'M140', 'SM69',  'LM48',  'C48'),
  ('E292', 'M140', 'SM69',  'LM48',  'C48'),
  ('E292', 'M140', 'SM69',  'LM48',  'C48'),
  ('E293', 'M141', 'SM69',  'LM48',  'C48'),
  ('E293', 'M141', 'SM69',  'LM48',  'C48'),
  ('E294', 'M142', 'SM69',  'LM48',  'C48'),
  ('E295', 'M143', 'SM70',  'LM49',  'C49'),
  ('E295', 'M143', 'SM70',  'LM49',  'C49'),
  ('E295', 'M143', 'SM70',  'LM49',  'C49'),
  ('E295', 'M143', 'SM70',  'LM49',  'C49'),
  ('E296', 'M143', 'SM70',  'LM49',  'C49'),
  ('E296', 'M143', 'SM70',  'LM49',  'C49'),
  ('E296', 'M143', 'SM70',  'LM49',  'C49'),
  ('E296', 'M143', 'SM70',  'LM49',  'C49'),
  ('E296', 'M143', 'SM70',  'LM49',  'C49'),
  ('E297', 'M143', 'SM70',  'LM49',  'C49'),
  ('E297', 'M143', 'SM70',  'LM49',  'C49'),
  ('E297', 'M143', 'SM70',  'LM49',  'C49'),
  ('E298', 'M144', 'SM70',  'LM49',  'C49'),
  ('E298', 'M144', 'SM70',  'LM49',  'C49'),
  ('E299', 'M144', 'SM70',  'LM49',  'C49'),
  ('E299', 'M144', 'SM70',  'LM49',  'C49'),
  ('E299', 'M144', 'SM70',  'LM49',  'C49'),
  ('E300', 'M145', 'SM70',  'LM49',  'C49'),
  ('E300', 'M145', 'SM70',  'LM49',  'C49'),
  ('E300', 'M145', 'SM70',  'LM49',  'C49'),
  ('E300', 'M145', 'SM70',  'LM49',  'C49'),
  ('E301', 'M145', 'SM70',  'LM49',  'C49'),
  ('E301', 'M145', 'SM70',  'LM49',  'C49'),
  ('E301', 'M145', 'SM70',  'LM49',  'C49'),
  ('E301', 'M145', 'SM70',  'LM49',  'C49'),
  ('E302', 'M145', 'SM70',  'LM49',  'C49'),
  ('E302', 'M145', 'SM70',  'LM49',  'C49'),
  ('E302', 'M145', 'SM70',  'LM49',  'C49'),
  ('E302', 'M145', 'SM70',  'LM49',  'C49'),
  ('E302', 'M145', 'SM70',  'LM49',  'C49'),
  ('E302', 'M145', 'SM70',  'LM49',  'C49'),
  ('E303', 'M146', 'SM71',  'LM50',  'C50'),
  ('E303', 'M146', 'SM71',  'LM50',  'C50'),
  ('E304', 'M146', 'SM71',  'LM50',  'C50'),
  ('E304', 'M146', 'SM71',  'LM50',  'C50'),
  ('E304', 'M146', 'SM71',  'LM50',  'C50'),
  ('E304', 'M146', 'SM71',  'LM50',  'C50'),
  ('E304', 'M146', 'SM71',  'LM50',  'C50'),
  ('E304', 'M146', 'SM71',  'LM50',  'C50'),
  ('E305', 'M147', 'SM71',  'LM50',  'C50'),
  ('E305', 'M147', 'SM71',  'LM50',  'C50'),
  ('E305', 'M147', 'SM71',  'LM50',  'C50'),
  ('E305', 'M147', 'SM71',  'LM50',  'C50'),
  ('E306', 'M147', 'SM71',  'LM50',  'C50'),
  ('E306', 'M147', 'SM71',  'LM50',  'C50'),
  ('E306', 'M147', 'SM71',  'LM50',  'C50'),
  ('E307', 'M147', 'SM71',  'LM50',  'C50'),
  ('E308', 'M148', 'SM72',  'LM51',  'C51'),
  ('E308', 'M148', 'SM72',  'LM51',  'C51'),
  ('E308', 'M148', 'SM72',  'LM51',  'C51'),
  ('E308', 'M148', 'SM72',  'LM51',  'C51'),
  ('E308', 'M148', 'SM72',  'LM51',  'C51'),
  ('E309', 'M149', 'SM72',  'LM51',  'C51'),
  ('E309', 'M149', 'SM72',  'LM51',  'C51'),
  ('E309', 'M149', 'SM72',  'LM51',  'C51'),
  ('E310', 'M149', 'SM72',  'LM51',  'C51'),
  ('E311', 'M150', 'SM72',  'LM51',  'C51'),
  ('E311', 'M150', 'SM72',  'LM51',  'C51'),
  ('E311', 'M150', 'SM72',  'LM51',  'C51'),
  ('E311', 'M150', 'SM72',  'LM51',  'C51'),
  ('E312', 'M150', 'SM72',  'LM51',  'C51'),
  ('E312', 'M150', 'SM72',  'LM51',  'C51'),
  ('E312', 'M150', 'SM72',  'LM51',  'C51'),
  ('E312', 'M150', 'SM72',  'LM51',  'C51'),
  ('E312', 'M150', 'SM72',  'LM51',  'C51'),
  ('E312', 'M150', 'SM72',  'LM51',  'C51'),
  ('E313', 'M150', 'SM72',  'LM51',  'C51'),
  ('E313', 'M150', 'SM72',  'LM51',  'C51'),
  ('E314', 'M151', 'SM73',  'LM51',  'C51'),
  ('E314', 'M151', 'SM73',  'LM51',  'C51'),
  ('E314', 'M151', 'SM73',  'LM51',  'C51'),
  ('E315', 'M151', 'SM73',  'LM51',  'C51'),
  ('E315', 'M151', 'SM73',  'LM51',  'C51'),
  ('E315', 'M151', 'SM73',  'LM51',  'C51'),
  ('E316', 'M151', 'SM73',  'LM51',  'C51'),
  ('E316', 'M151', 'SM73',  'LM51',  'C51'),
  ('E316', 'M151', 'SM73',  'LM51',  'C51'),
  ('E316', 'M151', 'SM73',  'LM51',  'C51'),
  ('E317', 'M152', 'SM73',  'LM51',  'C51'),
  ('E317', 'M152', 'SM73',  'LM51',  'C51'),
  ('E317', 'M152', 'SM73',  'LM51',  'C51'),
  ('E317', 'M152', 'SM73',  'LM51',  'C51'),
  ('E318', 'M152', 'SM73',  'LM51',  'C51'),
  ('E319', 'M152', 'SM73',  'LM51',  'C51'),
  ('E319', 'M152', 'SM73',  'LM51',  'C51'),
  ('E319', 'M152', 'SM73',  'LM51',  'C51'),
  ('E320', 'M153', 'SM74',  'LM52',  'C52'),
  ('E320', 'M153', 'SM74',  'LM52',  'C52'),
  ('E321', 'M154', 'SM74',  'LM52',  'C52'),
  ('E322', 'M155', 'SM75',  'LM53',  'C53'),
  ('E322', 'M155', 'SM75',  'LM53',  'C53'),
  ('E322', 'M155', 'SM75',  'LM53',  'C53'),
  ('E322', 'M155', 'SM75',  'LM53',  'C53'),
  ('E323', 'M156', 'SM76',  'LM54',  'C54'),
  ('E323', 'M156', 'SM76',  'LM54',  'C54'),
  ('E323', 'M156', 'SM76',  'LM54',  'C54'),
  ('E323', 'M156', 'SM76',  'LM54',  'C54'),
  ('E323', 'M156', 'SM76',  'LM54',  'C54'),
  ('E323', 'M156', 'SM76',  'LM54',  'C54'),
  ('E324', 'M157', 'SM77',  'LM54',  'C54'),
  ('E324', 'M157', 'SM77',  'LM54',  'C54'),
  ('E324', 'M157', 'SM77',  'LM54',  'C54'),
  ('E324', 'M157', 'SM77',  'LM54',  'C54'),
  ('E324', 'M157', 'SM77',  'LM54',  'C54'),
  ('E324', 'M157', 'SM77',  'LM54',  'C54'),
  ('E325', 'M157', 'SM77',  'LM54',  'C54'),
  ('E325', 'M157', 'SM77',  'LM54',  'C54'),
  ('E325', 'M157', 'SM77',  'LM54',  'C54'),
  ('E325', 'M157', 'SM77',  'LM54',  'C54'),
  ('E325', 'M157', 'SM77',  'LM54',  'C54'),
  ('E326', 'M158', 'SM77',  'LM54',  'C54'),
  ('E326', 'M158', 'SM77',  'LM54',  'C54'),
  ('E327', 'M158', 'SM77',  'LM54',  'C54'),
  ('E328', 'M158', 'SM77',  'LM54',  'C54'),
  ('E329', 'M159', 'SM77',  'LM54',  'C54'),
  ('E329', 'M159', 'SM77',  'LM54',  'C54'),
  ('E329', 'M159', 'SM77',  'LM54',  'C54'),
  ('E329', 'M159', 'SM77',  'LM54',  'C54'),
  ('E330', 'M160', 'SM78',  'LM55',  'C55'),
  ('E330', 'M160', 'SM78',  'LM55',  'C55'),
  ('E330', 'M160', 'SM78',  'LM55',  'C55'),
  ('E330', 'M160', 'SM78',  'LM55',  'C55'),
  ('E331', 'M161', 'SM79',  'LM55',  'C55'),
  ('E331', 'M161', 'SM79',  'LM55',  'C55'),
  ('E332', 'M161', 'SM79',  'LM55',  'C55'),
  ('E332', 'M161', 'SM79',  'LM55',  'C55'),
  ('E332', 'M161', 'SM79',  'LM55',  'C55'),
  ('E332', 'M161', 'SM79',  'LM55',  'C55'),
  ('E332', 'M161', 'SM79',  'LM55',  'C55'),
  ('E333', 'M162', 'SM80',  'LM56',  'C56'),
  ('E333', 'M162', 'SM80',  'LM56',  'C56'),
  ('E333', 'M162', 'SM80',  'LM56',  'C56'),
  ('E333', 'M162', 'SM80',  'LM56',  'C56'),
  ('E334', 'M162', 'SM80',  'LM56',  'C56'),
  ('E334', 'M162', 'SM80',  'LM56',  'C56'),
  ('E334', 'M162', 'SM80',  'LM56',  'C56'),
  ('E334', 'M162', 'SM80',  'LM56',  'C56'),
  ('E335', 'M162', 'SM80',  'LM56',  'C56'),
  ('E335', 'M162', 'SM80',  'LM56',  'C56'),
  ('E335', 'M162', 'SM80',  'LM56',  'C56'),
  ('E335', 'M162', 'SM80',  'LM56',  'C56'),
  ('E335', 'M162', 'SM80',  'LM56',  'C56'),
  ('E335', 'M162', 'SM80',  'LM56',  'C56'),
  ('E336', 'M163', 'SM81',  'LM57',  'C57'),
  ('E336', 'M163', 'SM81',  'LM57',  'C57'),
  ('E337', 'M163', 'SM81',  'LM57',  'C57'),
  ('E337', 'M163', 'SM81',  'LM57',  'C57'),
  ('E338', 'M164', 'SM81',  'LM57',  'C57'),
  ('E338', 'M164', 'SM81',  'LM57',  'C57'),
  ('E339', 'M164', 'SM81',  'LM57',  'C57'),
  ('E339', 'M164', 'SM81',  'LM57',  'C57'),
  ('E339', 'M164', 'SM81',  'LM57',  'C57'),
  ('E339', 'M164', 'SM81',  'LM57',  'C57'),
  ('E339', 'M164', 'SM81',  'LM57',  'C57'),
  ('E339', 'M164', 'SM81',  'LM57',  'C57'),
  ('E340', 'M164', 'SM81',  'LM57',  'C57'),
  ('E340', 'M164', 'SM81',  'LM57',  'C57'),
  ('E340', 'M164', 'SM81',  'LM57',  'C57'),
  ('E340', 'M164', 'SM81',  'LM57',  'C57'),
  ('E340', 'M164', 'SM81',  'LM57',  'C57'),
  ('E341', 'M165', 'SM82',  'LM58',  'C58'),
  ('E341', 'M165', 'SM82',  'LM58',  'C58'),
  ('E341', 'M165', 'SM82',  'LM58',  'C58'),
  ('E341', 'M165', 'SM82',  'LM58',  'C58'),
  ('E341', 'M165', 'SM82',  'LM58',  'C58'),
  ('E342', 'M166', 'SM82',  'LM58',  'C58'),
  ('E342', 'M166', 'SM82',  'LM58',  'C58'),
  ('E343', 'M166', 'SM82',  'LM58',  'C58'),
  ('E343', 'M166', 'SM82',  'LM58',  'C58'),
  ('E343', 'M166', 'SM82',  'LM58',  'C58'),
  ('E343', 'M166', 'SM82',  'LM58',  'C58'),
  ('E343', 'M166', 'SM82',  'LM58',  'C58'),
  ('E344', 'M167', 'SM83',  'LM58',  'C58'),
  ('E344', 'M167', 'SM83',  'LM58',  'C58'),
  ('E344', 'M167', 'SM83',  'LM58',  'C58'),
  ('E344', 'M167', 'SM83',  'LM58',  'C58'),
  ('E344', 'M167', 'SM83',  'LM58',  'C58'),
  ('E345', 'M167', 'SM83',  'LM58',  'C58'),
  ('E345', 'M167', 'SM83',  'LM58',  'C58'),
  ('E345', 'M167', 'SM83',  'LM58',  'C58'),
  ('E346', 'M168', 'SM83',  'LM58',  'C58'),
  ('E346', 'M168', 'SM83',  'LM58',  'C58'),
  ('E346', 'M168', 'SM83',  'LM58',  'C58'),
  ('E347', 'M168', 'SM83',  'LM58',  'C58'),
  ('E347', 'M168', 'SM83',  'LM58',  'C58'),
  ('E347', 'M168', 'SM83',  'LM58',  'C58'),
  ('E347', 'M168', 'SM83',  'LM58',  'C58'),
  ('E347', 'M168', 'SM83',  'LM58',  'C58'),
  ('E347', 'M168', 'SM83',  'LM58',  'C58'),
  ('E348', 'M168', 'SM83',  'LM58',  'C58'),
  ('E348', 'M168', 'SM83',  'LM58',  'C58'),
  ('E348', 'M168', 'SM83',  'LM58',  'C58'),
  ('E349', 'M169', 'SM84',  'LM59',  'C59'),
  ('E349', 'M169', 'SM84',  'LM59',  'C59'),
  ('E349', 'M169', 'SM84',  'LM59',  'C59'),
  ('E349', 'M169', 'SM84',  'LM59',  'C59'),
  ('E350', 'M169', 'SM84',  'LM59',  'C59'),
  ('E350', 'M169', 'SM84',  'LM59',  'C59'),
  ('E350', 'M169', 'SM84',  'LM59',  'C59'),
  ('E350', 'M169', 'SM84',  'LM59',  'C59'),
  ('E351', 'M169', 'SM84',  'LM59',  'C59'),
  ('E351', 'M169', 'SM84',  'LM59',  'C59'),
  ('E351', 'M169', 'SM84',  'LM59',  'C59'),
  ('E351', 'M169', 'SM84',  'LM59',  'C59'),
  ('E351', 'M169', 'SM84',  'LM59',  'C59'),
  ('E351', 'M169', 'SM84',  'LM59',  'C59'),
  ('E352', 'M170', 'SM84',  'LM59',  'C59'),
  ('E352', 'M170', 'SM84',  'LM59',  'C59'),
  ('E352', 'M170', 'SM84',  'LM59',  'C59'),
  ('E352', 'M170', 'SM84',  'LM59',  'C59'),
  ('E352', 'M170', 'SM84',  'LM59',  'C59'),
  ('E353', 'M171', 'SM85',  'LM60',  'C60'),
  ('E354', 'M171', 'SM85',  'LM60',  'C60'),
  ('E354', 'M171', 'SM85',  'LM60',  'C60'),
  ('E354', 'M171', 'SM85',  'LM60',  'C60'),
  ('E354', 'M171', 'SM85',  'LM60',  'C60'),
  ('E354', 'M171', 'SM85',  'LM60',  'C60'),
  ('E355', 'M172', 'SM86',  'LM61',  'C61'),
  ('E355', 'M172', 'SM86',  'LM61',  'C61'),
  ('E355', 'M172', 'SM86',  'LM61',  'C61'),
  ('E355', 'M172', 'SM86',  'LM61',  'C61'),
  ('E355', 'M172', 'SM86',  'LM61',  'C61'),
  ('E355', 'M172', 'SM86',  'LM61',  'C61'),
  ('E356', 'M173', 'SM87',  'LM62',  'C62'),
  ('E357', 'M173', 'SM87',  'LM62',  'C62'),
  ('E357', 'M173', 'SM87',  'LM62',  'C62'),
  ('E357', 'M173', 'SM87',  'LM62',  'C62'),
  ('E358', 'M174', 'SM87',  'LM62',  'C62'),
  ('E359', 'M175', 'SM87',  'LM62',  'C62'),
  ('E360', 'M175', 'SM87',  'LM62',  'C62'),
  ('E360', 'M175', 'SM87',  'LM62',  'C62'),
  ('E361', 'M176', 'SM88',  'LM62',  'C62'),
  ('E361', 'M176', 'SM88',  'LM62',  'C62'),
  ('E361', 'M176', 'SM88',  'LM62',  'C62'),
  ('E361', 'M176', 'SM88',  'LM62',  'C62'),
  ('E362', 'M176', 'SM88',  'LM62',  'C62'),
  ('E362', 'M176', 'SM88',  'LM62',  'C62'),
  ('E362', 'M176', 'SM88',  'LM62',  'C62'),
  ('E362', 'M176', 'SM88',  'LM62',  'C62'),
  ('E362', 'M176', 'SM88',  'LM62',  'C62'),
  ('E362', 'M176', 'SM88',  'LM62',  'C62'),
  ('E363', 'M176', 'SM88',  'LM62',  'C62'),
  ('E363', 'M176', 'SM88',  'LM62',  'C62'),
  ('E364', 'M177', 'SM88',  'LM62',  'C62'),
  ('E364', 'M177', 'SM88',  'LM62',  'C62'),
  ('E364', 'M177', 'SM88',  'LM62',  'C62'),
  ('E364', 'M177', 'SM88',  'LM62',  'C62'),
  ('E365', 'M177', 'SM88',  'LM62',  'C62'),
  ('E365', 'M177', 'SM88',  'LM62',  'C62'),
  ('E366', 'M177', 'SM88',  'LM62',  'C62'),
  ('E366', 'M177', 'SM88',  'LM62',  'C62'),
  ('E366', 'M177', 'SM88',  'LM62',  'C62'),
  ('E366', 'M177', 'SM88',  'LM62',  'C62'),
  ('E366', 'M177', 'SM88',  'LM62',  'C62'),
  ('E366', 'M177', 'SM88',  'LM62',  'C62'),
  ('E367', 'M178', 'SM89',  'LM63',  'C63'),
  ('E367', 'M178', 'SM89',  'LM63',  'C63'),
  ('E367', 'M178', 'SM89',  'LM63',  'C63'),
  ('E367', 'M178', 'SM89',  'LM63',  'C63'),
  ('E367', 'M178', 'SM89',  'LM63',  'C63'),
  ('E368', 'M179', 'SM89',  'LM63',  'C63'),
  ('E368', 'M179', 'SM89',  'LM63',  'C63'),
  ('E368', 'M179', 'SM89',  'LM63',  'C63'),
  ('E369', 'M180', 'SM89',  'LM63',  'C63'),
  ('E370', 'M181', 'SM90',  'LM63',  'C63'),
  ('E370', 'M181', 'SM90',  'LM63',  'C63'),
  ('E370', 'M181', 'SM90',  'LM63',  'C63'),
  ('E371', 'M181', 'SM90',  'LM63',  'C63'),
  ('E371', 'M181', 'SM90',  'LM63',  'C63'),
  ('E372', 'M181', 'SM90',  'LM63',  'C63'),
  ('E372', 'M181', 'SM90',  'LM63',  'C63'),
  ('E372', 'M181', 'SM90',  'LM63',  'C63'),
  ('E372', 'M181', 'SM90',  'LM63',  'C63'),
  ('E372', 'M181', 'SM90',  'LM63',  'C63'),
  ('E372', 'M181', 'SM90',  'LM63',  'C63'),
  ('E373', 'M182', 'SM90',  'LM63',  'C63'),
  ('E373', 'M182', 'SM90',  'LM63',  'C63'),
  ('E374', 'M183', 'SM91',  'LM64',  'C64'),
  ('E375', 'M183', 'SM91',  'LM64',  'C64'),
  ('E376', 'M184', 'SM92',  'LM65',  'C65'),
  ('E377', 'M184', 'SM92',  'LM65',  'C65'),
  ('E378', 'M185', 'SM93',  'LM65',  'C65'),
  ('E378', 'M185', 'SM93',  'LM65',  'C65'),
  ('E378', 'M185', 'SM93',  'LM65',  'C65'),
  ('E378', 'M185', 'SM93',  'LM65',  'C65'),
  ('E378', 'M185', 'SM93',  'LM65',  'C65'),
  ('E379', 'M185', 'SM93',  'LM65',  'C65'),
  ('E380', 'M186', 'SM93',  'LM65',  'C65'),
  ('E380', 'M186', 'SM93',  'LM65',  'C65'),
  ('E380', 'M186', 'SM93',  'LM65',  'C65'),
  ('E380', 'M186', 'SM93',  'LM65',  'C65'),
  ('E380', 'M186', 'SM93',  'LM65',  'C65'),
  ('E381', 'M187', 'SM93',  'LM65',  'C65'),
  ('E381', 'M187', 'SM93',  'LM65',  'C65'),
  ('E382', 'M187', 'SM93',  'LM65',  'C65'),
  ('E382', 'M187', 'SM93',  'LM65',  'C65'),
  ('E382', 'M187', 'SM93',  'LM65',  'C65'),
  ('E382', 'M187', 'SM93',  'LM65',  'C65'),
  ('E382', 'M187', 'SM93',  'LM65',  'C65'),
  ('E383', 'M187', 'SM93',  'LM65',  'C65'),
  ('E383', 'M187', 'SM93',  'LM65',  'C65'),
  ('E384', 'M188', 'SM94',  'LM66',  'C66'),
  ('E384', 'M188', 'SM94',  'LM66',  'C66'),
  ('E385', 'M188', 'SM94',  'LM66',  'C66'),
  ('E385', 'M188', 'SM94',  'LM66',  'C66'),
  ('E385', 'M188', 'SM94',  'LM66',  'C66'),
  ('E385', 'M188', 'SM94',  'LM66',  'C66'),
  ('E386', 'M188', 'SM94',  'LM66',  'C66'),
  ('E386', 'M188', 'SM94',  'LM66',  'C66'),
  ('E386', 'M188', 'SM94',  'LM66',  'C66'),
  ('E386', 'M188', 'SM94',  'LM66',  'C66'),
  ('E386', 'M188', 'SM94',  'LM66',  'C66'),
  ('E387', 'M189', 'SM94',  'LM66',  'C66'),
  ('E388', 'M189', 'SM94',  'LM66',  'C66'),
  ('E389', 'M189', 'SM94',  'LM66',  'C66'),
  ('E389', 'M189', 'SM94',  'LM66',  'C66'),
  ('E389', 'M189', 'SM94',  'LM66',  'C66'),
  ('E390', 'M190', 'SM94',  'LM66',  'C66'),
  ('E390', 'M190', 'SM94',  'LM66',  'C66'),
  ('E390', 'M190', 'SM94',  'LM66',  'C66'),
  ('E391', 'M190', 'SM94',  'LM66',  'C66'),
  ('E391', 'M190', 'SM94',  'LM66',  'C66'),
  ('E391', 'M190', 'SM94',  'LM66',  'C66'),
  ('E391', 'M190', 'SM94',  'LM66',  'C66'),
  ('E391', 'M190', 'SM94',  'LM66',  'C66'),
  ('E391', 'M190', 'SM94',  'LM66',  'C66'),
  ('E392', 'M190', 'SM94',  'LM66',  'C66'),
  ('E392', 'M190', 'SM94',  'LM66',  'C66'),
  ('E392', 'M190', 'SM94',  'LM66',  'C66'),
  ('E392', 'M190', 'SM94',  'LM66',  'C66'),
  ('E392', 'M190', 'SM94',  'LM66',  'C66'),
  ('E392', 'M190', 'SM94',  'LM66',  'C66'),
  ('E393', 'M191', 'SM95',  'LM66',  'C66'),
  ('E393', 'M191', 'SM95',  'LM66',  'C66'),
  ('E393', 'M191', 'SM95',  'LM66',  'C66'),
  ('E394', 'M191', 'SM95',  'LM66',  'C66'),
  ('E394', 'M191', 'SM95',  'LM66',  'C66'),
  ('E395', 'M192', 'SM96',  'LM67',  'C67'),
  ('E395', 'M192', 'SM96',  'LM67',  'C67'),
  ('E396', 'M192', 'SM96',  'LM67',  'C67'),
  ('E396', 'M192', 'SM96',  'LM67',  'C67'),
  ('E397', 'M192', 'SM96',  'LM67',  'C67'),
  ('E397', 'M192', 'SM96',  'LM67',  'C67'),
  ('E397', 'M192', 'SM96',  'LM67',  'C67'),
  ('E397', 'M192', 'SM96',  'LM67',  'C67'),
  ('E398', 'M193', 'SM97',  'LM68',  'C68'),
  ('E398', 'M193', 'SM97',  'LM68',  'C68'),
  ('E398', 'M193', 'SM97',  'LM68',  'C68'),
  ('E398', 'M193', 'SM97',  'LM68',  'C68'),
  ('E398', 'M193', 'SM97',  'LM68',  'C68'),
  ('E399', 'M193', 'SM97',  'LM68',  'C68'),
  ('E399', 'M193', 'SM97',  'LM68',  'C68'),
  ('E400', 'M194', 'SM97',  'LM68',  'C68'),
  ('E401', 'M194', 'SM97',  'LM68',  'C68'),
  ('E402', 'M195', 'SM97',  'LM68',  'C68'),
  ('E402', 'M195', 'SM97',  'LM68',  'C68'),
  ('E402', 'M195', 'SM97',  'LM68',  'C68'),
  ('E402', 'M195', 'SM97',  'LM68',  'C68'),
  ('E403', 'M196', 'SM98',  'LM68',  'C68'),
  ('E403', 'M196', 'SM98',  'LM68',  'C68'),
  ('E403', 'M196', 'SM98',  'LM68',  'C68'),
  ('E404', 'M196', 'SM98',  'LM68',  'C68'),
  ('E404', 'M196', 'SM98',  'LM68',  'C68'),
  ('E405', 'M197', 'SM98',  'LM68',  'C68'),
  ('E406', 'M197', 'SM98',  'LM68',  'C68'),
  ('E406', 'M197', 'SM98',  'LM68',  'C68'),
  ('E406', 'M197', 'SM98',  'LM68',  'C68'),
  ('E406', 'M197', 'SM98',  'LM68',  'C68'),
  ('E406', 'M197', 'SM98',  'LM68',  'C68'),
  ('E406', 'M197', 'SM98',  'LM68',  'C68'),
  ('E407', 'M198', 'SM99',  'LM69',  'C69'),
  ('E408', 'M198', 'SM99',  'LM69',  'C69'),
  ('E408', 'M198', 'SM99',  'LM69',  'C69'),
  ('E408', 'M198', 'SM99',  'LM69',  'C69'),
  ('E409', 'M198', 'SM99',  'LM69',  'C69'),
  ('E409', 'M198', 'SM99',  'LM69',  'C69'),
  ('E409', 'M198', 'SM99',  'LM69',  'C69'),
  ('E409', 'M198', 'SM99',  'LM69',  'C69'),
  ('E410', 'M199', 'SM100', 'LM70',  'C70'),
  ('E410', 'M199', 'SM100', 'LM70',  'C70'),
  ('E411', 'M200', 'SM101', 'LM70',  'C70'),
  ('E412', 'M200', 'SM101', 'LM70',  'C70'),
  ('E412', 'M200', 'SM101', 'LM70',  'C70'),
  ('E412', 'M200', 'SM101', 'LM70',  'C70'),
  ('E412', 'M200', 'SM101', 'LM70',  'C70'),
  ('E412', 'M200', 'SM101', 'LM70',  'C70'),
  ('E413', 'M200', 'SM101', 'LM70',  'C70'),
  ('E413', 'M200', 'SM101', 'LM70',  'C70'),
  ('E413', 'M200', 'SM101', 'LM70',  'C70'),
  ('E414', 'M201', 'SM101', 'LM70',  'C70'),
  ('E414', 'M201', 'SM101', 'LM70',  'C70'),
  ('E414', 'M201', 'SM101', 'LM70',  'C70'),
  ('E415', 'M202', 'SM101', 'LM70',  'C70'),
  ('E415', 'M202', 'SM101', 'LM70',  'C70'),
  ('E415', 'M202', 'SM101', 'LM70',  'C70'),
  ('E415', 'M202', 'SM101', 'LM70',  'C70'),
  ('E415', 'M202', 'SM101', 'LM70',  'C70'),
  ('E416', 'M202', 'SM101', 'LM70',  'C70'),
  ('E416', 'M202', 'SM101', 'LM70',  'C70'),
  ('E416', 'M202', 'SM101', 'LM70',  'C70'),
  ('E416', 'M202', 'SM101', 'LM70',  'C70'),
  ('E417', 'M203', 'SM102', 'LM71',  'C71'),
  ('E418', 'M203', 'SM102', 'LM71',  'C71'),
  ('E419', 'M204', 'SM102', 'LM71',  'C71'),
  ('E419', 'M204', 'SM102', 'LM71',  'C71'),
  ('E419', 'M204', 'SM102', 'LM71',  'C71'),
  ('E420', 'M205', 'SM103', 'LM71',  'C71'),
  ('E420', 'M205', 'SM103', 'LM71',  'C71'),
  ('E420', 'M205', 'SM103', 'LM71',  'C71'),
  ('E420', 'M205', 'SM103', 'LM71',  'C71'),
  ('E420', 'M205', 'SM103', 'LM71',  'C71'),
  ('E421', 'M205', 'SM103', 'LM71',  'C71'),
  ('E421', 'M205', 'SM103', 'LM71',  'C71'),
  ('E421', 'M205', 'SM103', 'LM71',  'C71'),
  ('E422', 'M206', 'SM103', 'LM71',  'C71'),
  ('E422', 'M206', 'SM103', 'LM71',  'C71'),
  ('E422', 'M206', 'SM103', 'LM71',  'C71'),
  ('E422', 'M206', 'SM103', 'LM71',  'C71'),
  ('E423', 'M206', 'SM103', 'LM71',  'C71'),
  ('E423', 'M206', 'SM103', 'LM71',  'C71'),
  ('E423', 'M206', 'SM103', 'LM71',  'C71'),
  ('E423', 'M206', 'SM103', 'LM71',  'C71'),
  ('E423', 'M206', 'SM103', 'LM71',  'C71'),
  ('E424', 'M206', 'SM103', 'LM71',  'C71'),
  ('E425', 'M207', 'SM103', 'LM71',  'C71'),
  ('E425', 'M207', 'SM103', 'LM71',  'C71'),
  ('E425', 'M207', 'SM103', 'LM71',  'C71'),
  ('E425', 'M207', 'SM103', 'LM71',  'C71'),
  ('E425', 'M207', 'SM103', 'LM71',  'C71'),
  ('E425', 'M207', 'SM103', 'LM71',  'C71'),
  ('E426', 'M207', 'SM103', 'LM71',  'C71'),
  ('E426', 'M207', 'SM103', 'LM71',  'C71'),
  ('E426', 'M207', 'SM103', 'LM71',  'C71'),
  ('E426', 'M207', 'SM103', 'LM71',  'C71'),
  ('E427', 'M208', 'SM104', 'LM72',  'C72'),
  ('E427', 'M208', 'SM104', 'LM72',  'C72'),
  ('E427', 'M208', 'SM104', 'LM72',  'C72'),
  ('E428', 'M208', 'SM104', 'LM72',  'C72'),
  ('E428', 'M208', 'SM104', 'LM72',  'C72'),
  ('E428', 'M208', 'SM104', 'LM72',  'C72'),
  ('E429', 'M208', 'SM104', 'LM72',  'C72'),
  ('E429', 'M208', 'SM104', 'LM72',  'C72'),
  ('E429', 'M208', 'SM104', 'LM72',  'C72'),
  ('E429', 'M208', 'SM104', 'LM72',  'C72'),
  ('E429', 'M208', 'SM104', 'LM72',  'C72'),
  ('E429', 'M208', 'SM104', 'LM72',  'C72'),
  ('E430', 'M209', 'SM105', 'LM72',  'C72'),
  ('E430', 'M209', 'SM105', 'LM72',  'C72'),
  ('E430', 'M209', 'SM105', 'LM72',  'C72'),
  ('E431', 'M209', 'SM105', 'LM72',  'C72'),
  ('E431', 'M209', 'SM105', 'LM72',  'C72'),
  ('E432', 'M209', 'SM105', 'LM72',  'C72'),
  ('E432', 'M209', 'SM105', 'LM72',  'C72'),
  ('E432', 'M209', 'SM105', 'LM72',  'C72'),
  ('E432', 'M209', 'SM105', 'LM72',  'C72'),
  ('E432', 'M209', 'SM105', 'LM72',  'C72'),
  ('E432', 'M209', 'SM105', 'LM72',  'C72'),
  ('E433', 'M210', 'SM105', 'LM72',  'C72'),
  ('E433', 'M210', 'SM105', 'LM72',  'C72'),
  ('E433', 'M210', 'SM105', 'LM72',  'C72'),
  ('E433', 'M210', 'SM105', 'LM72',  'C72'),
  ('E433', 'M210', 'SM105', 'LM72',  'C72'),
  ('E433', 'M210', 'SM105', 'LM72',  'C72'),
  ('E434', 'M211', 'SM106', 'LM73',  'C73'),
  ('E434', 'M211', 'SM106', 'LM73',  'C73'),
  ('E434', 'M211', 'SM106', 'LM73',  'C73'),
  ('E434', 'M211', 'SM106', 'LM73',  'C73'),
  ('E434', 'M211', 'SM106', 'LM73',  'C73'),
  ('E435', 'M211', 'SM106', 'LM73',  'C73'),
  ('E436', 'M212', 'SM107', 'LM74',  'C74'),
  ('E437', 'M212', 'SM107', 'LM74',  'C74'),
  ('E437', 'M212', 'SM107', 'LM74',  'C74'),
  ('E437', 'M212', 'SM107', 'LM74',  'C74'),
  ('E438', 'M213', 'SM107', 'LM74',  'C74'),
  ('E438', 'M213', 'SM107', 'LM74',  'C74'),
  ('E438', 'M213', 'SM107', 'LM74',  'C74'),
  ('E439', 'M214', 'SM107', 'LM74',  'C74'),
  ('E439', 'M214', 'SM107', 'LM74',  'C74'),
  ('E440', 'M214', 'SM107', 'LM74',  'C74'),
  ('E440', 'M214', 'SM107', 'LM74',  'C74'),
  ('E440', 'M214', 'SM107', 'LM74',  'C74'),
  ('E440', 'M214', 'SM107', 'LM74',  'C74'),
  ('E440', 'M214', 'SM107', 'LM74',  'C74'),
  ('E441', 'M215', 'SM108', 'LM74',  'C74'),
  ('E442', 'M215', 'SM108', 'LM74',  'C74'),
  ('E442', 'M215', 'SM108', 'LM74',  'C74'),
  ('E442', 'M215', 'SM108', 'LM74',  'C74'),
  ('E443', 'M216', 'SM109', 'LM75',  'C75'),
  ('E443', 'M216', 'SM109', 'LM75',  'C75'),
  ('E443', 'M216', 'SM109', 'LM75',  'C75'),
  ('E443', 'M216', 'SM109', 'LM75',  'C75'),
  ('E444', 'M216', 'SM109', 'LM75',  'C75'),
  ('E444', 'M216', 'SM109', 'LM75',  'C75'),
  ('E444', 'M216', 'SM109', 'LM75',  'C75'),
  ('E444', 'M216', 'SM109', 'LM75',  'C75'),
  ('E444', 'M216', 'SM109', 'LM75',  'C75'),
  ('E444', 'M216', 'SM109', 'LM75',  'C75'),
  ('E445', 'M217', 'SM109', 'LM75',  'C75'),
  ('E445', 'M217', 'SM109', 'LM75',  'C75'),
  ('E445', 'M217', 'SM109', 'LM75',  'C75'),
  ('E445', 'M217', 'SM109', 'LM75',  'C75'),
  ('E445', 'M217', 'SM109', 'LM75',  'C75'),
  ('E445', 'M217', 'SM109', 'LM75',  'C75'),
  ('E446', 'M217', 'SM109', 'LM75',  'C75'),
  ('E447', 'M218', 'SM110', 'LM76',  'C76'),
  ('E448', 'M218', 'SM110', 'LM76',  'C76'),
  ('E448', 'M218', 'SM110', 'LM76',  'C76'),
  ('E449', 'M219', 'SM110', 'LM76',  'C76'),
  ('E449', 'M219', 'SM110', 'LM76',  'C76'),
  ('E449', 'M219', 'SM110', 'LM76',  'C76'),
  ('E449', 'M219', 'SM110', 'LM76',  'C76'),
  ('E449', 'M219', 'SM110', 'LM76',  'C76'),
  ('E450', 'M219', 'SM110', 'LM76',  'C76'),
  ('E451', 'M219', 'SM110', 'LM76',  'C76'),
  ('E451', 'M219', 'SM110', 'LM76',  'C76'),
  ('E451', 'M219', 'SM110', 'LM76',  'C76'),
  ('E452', 'M220', 'SM111', 'LM76',  'C76'),
  ('E453', 'M220', 'SM111', 'LM76',  'C76'),
  ('E453', 'M220', 'SM111', 'LM76',  'C76'),
  ('E453', 'M220', 'SM111', 'LM76',  'C76'),
  ('E453', 'M220', 'SM111', 'LM76',  'C76'),
  ('E454', 'M220', 'SM111', 'LM76',  'C76'),
  ('E454', 'M220', 'SM111', 'LM76',  'C76'),
  ('E454', 'M220', 'SM111', 'LM76',  'C76'),
  ('E455', 'M221', 'SM111', 'LM76',  'C76'),
  ('E456', 'M221', 'SM111', 'LM76',  'C76'),
  ('E456', 'M221', 'SM111', 'LM76',  'C76'),
  ('E456', 'M221', 'SM111', 'LM76',  'C76'),
  ('E456', 'M221', 'SM111', 'LM76',  'C76'),
  ('E457', 'M222', 'SM111', 'LM76',  'C76'),
  ('E457', 'M222', 'SM111', 'LM76',  'C76'),
  ('E457', 'M222', 'SM111', 'LM76',  'C76'),
  ('E458', 'M222', 'SM111', 'LM76',  'C76'),
  ('E458', 'M222', 'SM111', 'LM76',  'C76'),
  ('E458', 'M222', 'SM111', 'LM76',  'C76'),
  ('E458', 'M222', 'SM111', 'LM76',  'C76'),
  ('E459', 'M223', 'SM112', 'LM77',  'C77'),
  ('E459', 'M223', 'SM112', 'LM77',  'C77'),
  ('E459', 'M223', 'SM112', 'LM77',  'C77'),
  ('E459', 'M223', 'SM112', 'LM77',  'C77'),
  ('E459', 'M223', 'SM112', 'LM77',  'C77'),
  ('E460', 'M223', 'SM112', 'LM77',  'C77'),
  ('E460', 'M223', 'SM112', 'LM77',  'C77'),
  ('E460', 'M223', 'SM112', 'LM77',  'C77'),
  ('E460', 'M223', 'SM112', 'LM77',  'C77'),
  ('E461', 'M223', 'SM112', 'LM77',  'C77'),
  ('E461', 'M223', 'SM112', 'LM77',  'C77'),
  ('E461', 'M223', 'SM112', 'LM77',  'C77'),
  ('E461', 'M223', 'SM112', 'LM77',  'C77'),
  ('E461', 'M223', 'SM112', 'LM77',  'C77'),
  ('E462', 'M224', 'SM112', 'LM77',  'C77'),
  ('E462', 'M224', 'SM112', 'LM77',  'C77'),
  ('E462', 'M224', 'SM112', 'LM77',  'C77'),
  ('E463', 'M224', 'SM112', 'LM77',  'C77'),
  ('E463', 'M224', 'SM112', 'LM77',  'C77'),
  ('E464', 'M224', 'SM112', 'LM77',  'C77'),
  ('E465', 'M225', 'SM112', 'LM77',  'C77'),
  ('E465', 'M225', 'SM112', 'LM77',  'C77'),
  ('E465', 'M225', 'SM112', 'LM77',  'C77'),
  ('E465', 'M225', 'SM112', 'LM77',  'C77'),
  ('E465', 'M225', 'SM112', 'LM77',  'C77'),
  ('E465', 'M225', 'SM112', 'LM77',  'C77'),
  ('E466', 'M225', 'SM112', 'LM77',  'C77'),
  ('E466', 'M225', 'SM112', 'LM77',  'C77'),
  ('E467', 'M226', 'SM113', 'LM77',  'C77'),
  ('E467', 'M226', 'SM113', 'LM77',  'C77'),
  ('E467', 'M226', 'SM113', 'LM77',  'C77'),
  ('E467', 'M226', 'SM113', 'LM77',  'C77'),
  ('E468', 'M227', 'SM113', 'LM77',  'C77'),
  ('E468', 'M227', 'SM113', 'LM77',  'C77'),
  ('E468', 'M227', 'SM113', 'LM77',  'C77'),
  ('E468', 'M227', 'SM113', 'LM77',  'C77'),
  ('E469', 'M228', 'SM114', 'LM78',  'C78'),
  ('E469', 'M228', 'SM114', 'LM78',  'C78'),
  ('E469', 'M228', 'SM114', 'LM78',  'C78'),
  ('E469', 'M228', 'SM114', 'LM78',  'C78'),
  ('E469', 'M228', 'SM114', 'LM78',  'C78'),
  ('E470', 'M229', 'SM115', 'LM78',  'C78'),
  ('E470', 'M229', 'SM115', 'LM78',  'C78'),
  ('E470', 'M229', 'SM115', 'LM78',  'C78'),
  ('E470', 'M229', 'SM115', 'LM78',  'C78'),
  ('E471', 'M229', 'SM115', 'LM78',  'C78'),
  ('E472', 'M229', 'SM115', 'LM78',  'C78'),
  ('E472', 'M229', 'SM115', 'LM78',  'C78'),
  ('E473', 'M230', 'SM115', 'LM78',  'C78'),
  ('E474', 'M230', 'SM115', 'LM78',  'C78'),
  ('E474', 'M230', 'SM115', 'LM78',  'C78'),
  ('E474', 'M230', 'SM115', 'LM78',  'C78'),
  ('E474', 'M230', 'SM115', 'LM78',  'C78'),
  ('E475', 'M230', 'SM115', 'LM78',  'C78'),
  ('E475', 'M230', 'SM115', 'LM78',  'C78'),
  ('E475', 'M230', 'SM115', 'LM78',  'C78'),
  ('E475', 'M230', 'SM115', 'LM78',  'C78'),
  ('E475', 'M230', 'SM115', 'LM78',  'C78'),
  ('E475', 'M230', 'SM115', 'LM78',  'C78'),
  ('E476', 'M231', 'SM116', 'LM79',  'C79'),
  ('E477', 'M232', 'SM116', 'LM79',  'C79'),
  ('E477', 'M232', 'SM116', 'LM79',  'C79'),
  ('E477', 'M232', 'SM116', 'LM79',  'C79'),
  ('E477', 'M232', 'SM116', 'LM79',  'C79'),
  ('E477', 'M232', 'SM116', 'LM79',  'C79'),
  ('E477', 'M232', 'SM116', 'LM79',  'C79'),
  ('E478', 'M233', 'SM117', 'LM80',  'C80'),
  ('E478', 'M233', 'SM117', 'LM80',  'C80'),
  ('E478', 'M233', 'SM117', 'LM80',  'C80'),
  ('E479', 'M233', 'SM117', 'LM80',  'C80'),
  ('E480', 'M234', 'SM118', 'LM81',  'C81'),
  ('E480', 'M234', 'SM118', 'LM81',  'C81'),
  ('E480', 'M234', 'SM118', 'LM81',  'C81'),
  ('E481', 'M234', 'SM118', 'LM81',  'C81'),
  ('E481', 'M234', 'SM118', 'LM81',  'C81'),
  ('E481', 'M234', 'SM118', 'LM81',  'C81'),
  ('E482', 'M234', 'SM118', 'LM81',  'C81'),
  ('E482', 'M234', 'SM118', 'LM81',  'C81'),
  ('E482', 'M234', 'SM118', 'LM81',  'C81'),
  ('E482', 'M234', 'SM118', 'LM81',  'C81'),
  ('E482', 'M234', 'SM118', 'LM81',  'C81'),
  ('E482', 'M234', 'SM118', 'LM81',  'C81'),
  ('E483', 'M235', 'SM118', 'LM81',  'C81'),
  ('E483', 'M235', 'SM118', 'LM81',  'C81'),
  ('E483', 'M235', 'SM118', 'LM81',  'C81'),
  ('E483', 'M235', 'SM118', 'LM81',  'C81'),
  ('E483', 'M235', 'SM118', 'LM81',  'C81'),
  ('E484', 'M235', 'SM118', 'LM81',  'C81'),
  ('E484', 'M235', 'SM118', 'LM81',  'C81'),
  ('E484', 'M235', 'SM118', 'LM81',  'C81'),
  ('E484', 'M235', 'SM118', 'LM81',  'C81'),
  ('E485', 'M235', 'SM118', 'LM81',  'C81'),
  ('E485', 'M235', 'SM118', 'LM81',  'C81'),
  ('E485', 'M235', 'SM118', 'LM81',  'C81'),
  ('E486', 'M236', 'SM118', 'LM81',  'C81'),
  ('E487', 'M236', 'SM118', 'LM81',  'C81'),
  ('E487', 'M236', 'SM118', 'LM81',  'C81'),
  ('E487', 'M236', 'SM118', 'LM81',  'C81'),
  ('E487', 'M236', 'SM118', 'LM81',  'C81'),
  ('E487', 'M236', 'SM118', 'LM81',  'C81'),
  ('E487', 'M236', 'SM118', 'LM81',  'C81'),
  ('E488', 'M236', 'SM118', 'LM81',  'C81'),
  ('E488', 'M236', 'SM118', 'LM81',  'C81'),
  ('E488', 'M236', 'SM118', 'LM81',  'C81'),
  ('E488', 'M236', 'SM118', 'LM81',  'C81'),
  ('E488', 'M236', 'SM118', 'LM81',  'C81'),
  ('E489', 'M237', 'SM119', 'LM82',  'C82'),
  ('E489', 'M237', 'SM119', 'LM82',  'C82'),
  ('E489', 'M237', 'SM119', 'LM82',  'C82'),
  ('E490', 'M237', 'SM119', 'LM82',  'C82'),
  ('E490', 'M237', 'SM119', 'LM82',  'C82'),
  ('E491', 'M238', 'SM119', 'LM82',  'C82'),
  ('E491', 'M238', 'SM119', 'LM82',  'C82'),
  ('E491', 'M238', 'SM119', 'LM82',  'C82'),
  ('E491', 'M238', 'SM119', 'LM82',  'C82'),
  ('E491', 'M238', 'SM119', 'LM82',  'C82'),
  ('E491', 'M238', 'SM119', 'LM82',  'C82'),
  ('E492', 'M239', 'SM120', 'LM83',  'C83'),
  ('E493', 'M240', 'SM120', 'LM83',  'C83'),
  ('E493', 'M240', 'SM120', 'LM83',  'C83'),
  ('E493', 'M240', 'SM120', 'LM83',  'C83'),
  ('E493', 'M240', 'SM120', 'LM83',  'C83'),
  ('E494', 'M241', 'SM121', 'LM83',  'C83'),
  ('E494', 'M241', 'SM121', 'LM83',  'C83'),
  ('E494', 'M241', 'SM121', 'LM83',  'C83'),
  ('E495', 'M241', 'SM121', 'LM83',  'C83'),
  ('E495', 'M241', 'SM121', 'LM83',  'C83'),
  ('E495', 'M241', 'SM121', 'LM83',  'C83'),
  ('E495', 'M241', 'SM121', 'LM83',  'C83'),
  ('E495', 'M241', 'SM121', 'LM83',  'C83'),
  ('E495', 'M241', 'SM121', 'LM83',  'C83'),
  ('E496', 'M242', 'SM122', 'LM84',  'C84'),
  ('E497', 'M242', 'SM122', 'LM84',  'C84'),
  ('E498', 'M242', 'SM122', 'LM84',  'C84'),
  ('E498', 'M242', 'SM122', 'LM84',  'C84'),
  ('E498', 'M242', 'SM122', 'LM84',  'C84'),
  ('E499', 'M243', 'SM123', 'LM85',  'C85'),
  ('E499', 'M243', 'SM123', 'LM85',  'C85'),
  ('E500', 'M244', 'SM123', 'LM85',  'C85'),
  ('E500', 'M244', 'SM123', 'LM85',  'C85'),
  ('E500', 'M244', 'SM123', 'LM85',  'C85'),
  ('E500', 'M244', 'SM123', 'LM85',  'C85'),
  ('E500', 'M244', 'SM123', 'LM85',  'C85'),
  ('E500', 'M244', 'SM123', 'LM85',  'C85'),
  ('E501', 'M244', 'SM123', 'LM85',  'C85'),
  ('E501', 'M244', 'SM123', 'LM85',  'C85'),
  ('E501', 'M244', 'SM123', 'LM85',  'C85'),
  ('E502', 'M245', 'SM124', 'LM85',  'C85'),
  ('E502', 'M245', 'SM124', 'LM85',  'C85'),
  ('E502', 'M245', 'SM124', 'LM85',  'C85'),
  ('E502', 'M245', 'SM124', 'LM85',  'C85'),
  ('E502', 'M245', 'SM124', 'LM85',  'C85'),
  ('E503', 'M245', 'SM124', 'LM85',  'C85'),
  ('E503', 'M245', 'SM124', 'LM85',  'C85'),
  ('E503', 'M245', 'SM124', 'LM85',  'C85'),
  ('E503', 'M245', 'SM124', 'LM85',  'C85'),
  ('E504', 'M246', 'SM124', 'LM85',  'C85'),
  ('E504', 'M246', 'SM124', 'LM85',  'C85'),
  ('E505', 'M246', 'SM124', 'LM85',  'C85'),
  ('E505', 'M246', 'SM124', 'LM85',  'C85'),
  ('E506', 'M246', 'SM124', 'LM85',  'C85'),
  ('E506', 'M246', 'SM124', 'LM85',  'C85'),
  ('E506', 'M246', 'SM124', 'LM85',  'C85'),
  ('E506', 'M246', 'SM124', 'LM85',  'C85'),
  ('E506', 'M246', 'SM124', 'LM85',  'C85'),
  ('E507', 'M247', 'SM125', 'LM86',  'C86'),
  ('E507', 'M247', 'SM125', 'LM86',  'C86'),
  ('E507', 'M247', 'SM125', 'LM86',  'C86'),
  ('E507', 'M247', 'SM125', 'LM86',  'C86'),
  ('E507', 'M247', 'SM125', 'LM86',  'C86'),
  ('E507', 'M247', 'SM125', 'LM86',  'C86'),
  ('E508', 'M248', 'SM125', 'LM86',  'C86'),
  ('E508', 'M248', 'SM125', 'LM86',  'C86'),
  ('E508', 'M248', 'SM125', 'LM86',  'C86'),
  ('E508', 'M248', 'SM125', 'LM86',  'C86'),
  ('E508', 'M248', 'SM125', 'LM86',  'C86'),
  ('E508', 'M248', 'SM125', 'LM86',  'C86'),
  ('E509', 'M248', 'SM125', 'LM86',  'C86'),
  ('E509', 'M248', 'SM125', 'LM86',  'C86'),
  ('E509', 'M248', 'SM125', 'LM86',  'C86'),
  ('E510', 'M248', 'SM125', 'LM86',  'C86'),
  ('E511', 'M249', 'SM125', 'LM86',  'C86'),
  ('E512', 'M250', 'SM126', 'LM87',  'C87'),
  ('E512', 'M250', 'SM126', 'LM87',  'C87'),
  ('E512', 'M250', 'SM126', 'LM87',  'C87'),
  ('E512', 'M250', 'SM126', 'LM87',  'C87'),
  ('E512', 'M250', 'SM126', 'LM87',  'C87'),
  ('E512', 'M250', 'SM126', 'LM87',  'C87'),
  ('E513', 'M250', 'SM126', 'LM87',  'C87'),
  ('E513', 'M250', 'SM126', 'LM87',  'C87'),
  ('E514', 'M251', 'SM127', 'LM87',  'C87'),
  ('E515', 'M252', 'SM127', 'LM87',  'C87'),
  ('E515', 'M252', 'SM127', 'LM87',  'C87'),
  ('E516', 'M252', 'SM127', 'LM87',  'C87'),
  ('E516', 'M252', 'SM127', 'LM87',  'C87'),
  ('E517', 'M253', 'SM128', 'LM88',  'C88'),
  ('E517', 'M253', 'SM128', 'LM88',  'C88'),
  ('E517', 'M253', 'SM128', 'LM88',  'C88'),
  ('E517', 'M253', 'SM128', 'LM88',  'C88'),
  ('E517', 'M253', 'SM128', 'LM88',  'C88'),
  ('E517', 'M253', 'SM128', 'LM88',  'C88'),
  ('E518', 'M254', 'SM128', 'LM88',  'C88'),
  ('E518', 'M254', 'SM128', 'LM88',  'C88'),
  ('E518', 'M254', 'SM128', 'LM88',  'C88'),
  ('E518', 'M254', 'SM128', 'LM88',  'C88'),
  ('E518', 'M254', 'SM128', 'LM88',  'C88'),
  ('E519', 'M254', 'SM128', 'LM88',  'C88'),
  ('E519', 'M254', 'SM128', 'LM88',  'C88'),
  ('E519', 'M254', 'SM128', 'LM88',  'C88'),
  ('E520', 'M255', 'SM129', 'LM89',  'C89'),
  ('E520', 'M255', 'SM129', 'LM89',  'C89'),
  ('E520', 'M255', 'SM129', 'LM89',  'C89'),
  ('E521', 'M256', 'SM129', 'LM89',  'C89'),
  ('E521', 'M256', 'SM129', 'LM89',  'C89'),
  ('E521', 'M256', 'SM129', 'LM89',  'C89'),
  ('E521', 'M256', 'SM129', 'LM89',  'C89'),
  ('E521', 'M256', 'SM129', 'LM89',  'C89'),
  ('E521', 'M256', 'SM129', 'LM89',  'C89'),
  ('E522', 'M256', 'SM129', 'LM89',  'C89'),
  ('E522', 'M256', 'SM129', 'LM89',  'C89'),
  ('E523', 'M256', 'SM129', 'LM89',  'C89'),
  ('E523', 'M256', 'SM129', 'LM89',  'C89'),
  ('E524', 'M257', 'SM129', 'LM89',  'C89'),
  ('E524', 'M257', 'SM129', 'LM89',  'C89'),
  ('E524', 'M257', 'SM129', 'LM89',  'C89'),
  ('E524', 'M257', 'SM129', 'LM89',  'C89'),
  ('E524', 'M257', 'SM129', 'LM89',  'C89'),
  ('E525', 'M257', 'SM129', 'LM89',  'C89'),
  ('E525', 'M257', 'SM129', 'LM89',  'C89'),
  ('E525', 'M257', 'SM129', 'LM89',  'C89'),
  ('E526', 'M258', 'SM130', 'LM89',  'C89'),
  ('E526', 'M258', 'SM130', 'LM89',  'C89'),
  ('E526', 'M258', 'SM130', 'LM89',  'C89'),
  ('E526', 'M258', 'SM130', 'LM89',  'C89'),
  ('E526', 'M258', 'SM130', 'LM89',  'C89'),
  ('E526', 'M258', 'SM130', 'LM89',  'C89'),
  ('E527', 'M259', 'SM131', 'LM90',  'C90'),
  ('E528', 'M260', 'SM131', 'LM90',  'C90'),
  ('E529', 'M260', 'SM131', 'LM90',  'C90'),
  ('E529', 'M260', 'SM131', 'LM90',  'C90'),
  ('E529', 'M260', 'SM131', 'LM90',  'C90'),
  ('E529', 'M260', 'SM131', 'LM90',  'C90'),
  ('E529', 'M260', 'SM131', 'LM90',  'C90'),
  ('E529', 'M260', 'SM131', 'LM90',  'C90'),
  ('E530', 'M261', 'SM132', 'LM91',  'C91'),
  ('E530', 'M261', 'SM132', 'LM91',  'C91'),
  ('E530', 'M261', 'SM132', 'LM91',  'C91'),
  ('E530', 'M261', 'SM132', 'LM91',  'C91'),
  ('E530', 'M261', 'SM132', 'LM91',  'C91'),
  ('E531', 'M262', 'SM133', 'LM91',  'C91'),
  ('E531', 'M262', 'SM133', 'LM91',  'C91'),
  ('E531', 'M262', 'SM133', 'LM91',  'C91'),
  ('E531', 'M262', 'SM133', 'LM91',  'C91'),
  ('E531', 'M262', 'SM133', 'LM91',  'C91'),
  ('E531', 'M262', 'SM133', 'LM91',  'C91'),
  ('E532', 'M263', 'SM134', 'LM92',  'C92'),
  ('E532', 'M263', 'SM134', 'LM92',  'C92'),
  ('E533', 'M263', 'SM134', 'LM92',  'C92'),
  ('E533', 'M263', 'SM134', 'LM92',  'C92'),
  ('E533', 'M263', 'SM134', 'LM92',  'C92'),
  ('E534', 'M263', 'SM134', 'LM92',  'C92'),
  ('E534', 'M263', 'SM134', 'LM92',  'C92'),
  ('E534', 'M263', 'SM134', 'LM92',  'C92'),
  ('E535', 'M264', 'SM135', 'LM93',  'C93'),
  ('E535', 'M264', 'SM135', 'LM93',  'C93'),
  ('E535', 'M264', 'SM135', 'LM93',  'C93'),
  ('E535', 'M264', 'SM135', 'LM93',  'C93'),
  ('E536', 'M265', 'SM135', 'LM93',  'C93'),
  ('E536', 'M265', 'SM135', 'LM93',  'C93'),
  ('E536', 'M265', 'SM135', 'LM93',  'C93'),
  ('E536', 'M265', 'SM135', 'LM93',  'C93'),
  ('E536', 'M265', 'SM135', 'LM93',  'C93'),
  ('E536', 'M265', 'SM135', 'LM93',  'C93'),
  ('E537', 'M266', 'SM136', 'LM94',  'C94'),
  ('E538', 'M266', 'SM136', 'LM94',  'C94'),
  ('E538', 'M266', 'SM136', 'LM94',  'C94'),
  ('E538', 'M266', 'SM136', 'LM94',  'C94'),
  ('E538', 'M266', 'SM136', 'LM94',  'C94'),
  ('E538', 'M266', 'SM136', 'LM94',  'C94'),
  ('E539', 'M267', 'SM136', 'LM94',  'C94'),
  ('E539', 'M267', 'SM136', 'LM94',  'C94'),
  ('E539', 'M267', 'SM136', 'LM94',  'C94'),
  ('E539', 'M267', 'SM136', 'LM94',  'C94'),
  ('E539', 'M267', 'SM136', 'LM94',  'C94'),
  ('E540', 'M267', 'SM136', 'LM94',  'C94'),
  ('E541', 'M267', 'SM136', 'LM94',  'C94'),
  ('E541', 'M267', 'SM136', 'LM94',  'C94'),
  ('E541', 'M267', 'SM136', 'LM94',  'C94'),
  ('E541', 'M267', 'SM136', 'LM94',  'C94'),
  ('E542', 'M268', 'SM136', 'LM94',  'C94'),
  ('E542', 'M268', 'SM136', 'LM94',  'C94'),
  ('E542', 'M268', 'SM136', 'LM94',  'C94'),
  ('E542', 'M268', 'SM136', 'LM94',  'C94'),
  ('E542', 'M268', 'SM136', 'LM94',  'C94'),
  ('E543', 'M268', 'SM136', 'LM94',  'C94'),
  ('E543', 'M268', 'SM136', 'LM94',  'C94'),
  ('E543', 'M268', 'SM136', 'LM94',  'C94'),
  ('E543', 'M268', 'SM136', 'LM94',  'C94'),
  ('E543', 'M268', 'SM136', 'LM94',  'C94'),
  ('E544', 'M269', 'SM137', 'LM94',  'C94'),
  ('E544', 'M269', 'SM137', 'LM94',  'C94'),
  ('E544', 'M269', 'SM137', 'LM94',  'C94'),
  ('E544', 'M269', 'SM137', 'LM94',  'C94'),
  ('E544', 'M269', 'SM137', 'LM94',  'C94'),
  ('E545', 'M269', 'SM137', 'LM94',  'C94'),
  ('E545', 'M269', 'SM137', 'LM94',  'C94'),
  ('E546', 'M269', 'SM137', 'LM94',  'C94'),
  ('E547', 'M270', 'SM137', 'LM94',  'C94'),
  ('E547', 'M270', 'SM137', 'LM94',  'C94'),
  ('E547', 'M270', 'SM137', 'LM94',  'C94'),
  ('E547', 'M270', 'SM137', 'LM94',  'C94'),
  ('E547', 'M270', 'SM137', 'LM94',  'C94'),
  ('E547', 'M270', 'SM137', 'LM94',  'C94'),
  ('E548', 'M270', 'SM137', 'LM94',  'C94'),
  ('E548', 'M270', 'SM137', 'LM94',  'C94'),
  ('E548', 'M270', 'SM137', 'LM94',  'C94'),
  ('E549', 'M270', 'SM137', 'LM94',  'C94'),
  ('E549', 'M270', 'SM137', 'LM94',  'C94'),
  ('E549', 'M270', 'SM137', 'LM94',  'C94'),
  ('E549', 'M270', 'SM137', 'LM94',  'C94'),
  ('E549', 'M270', 'SM137', 'LM94',  'C94'),
  ('E549', 'M270', 'SM137', 'LM94',  'C94'),
  ('E550', 'M271', 'SM138', 'LM95',  'C95'),
  ('E551', 'M272', 'SM138', 'LM95',  'C95'),
  ('E551', 'M272', 'SM138', 'LM95',  'C95'),
  ('E551', 'M272', 'SM138', 'LM95',  'C95'),
  ('E551', 'M272', 'SM138', 'LM95',  'C95'),
  ('E551', 'M272', 'SM138', 'LM95',  'C95'),
  ('E551', 'M272', 'SM138', 'LM95',  'C95'),
  ('E552', 'M272', 'SM138', 'LM95',  'C95'),
  ('E552', 'M272', 'SM138', 'LM95',  'C95'),
  ('E552', 'M272', 'SM138', 'LM95',  'C95'),
  ('E552', 'M272', 'SM138', 'LM95',  'C95'),
  ('E552', 'M272', 'SM138', 'LM95',  'C95'),
  ('E552', 'M272', 'SM138', 'LM95',  'C95'),
  ('E553', 'M273', 'SM138', 'LM95',  'C95'),
  ('E553', 'M273', 'SM138', 'LM95',  'C95'),
  ('E554', 'M273', 'SM138', 'LM95',  'C95'),
  ('E554', 'M273', 'SM138', 'LM95',  'C95'),
  ('E554', 'M273', 'SM138', 'LM95',  'C95'),
  ('E554', 'M273', 'SM138', 'LM95',  'C95'),
  ('E554', 'M273', 'SM138', 'LM95',  'C95'),
  ('E555', 'M274', 'SM139', 'LM96',  'C96'),
  ('E555', 'M274', 'SM139', 'LM96',  'C96'),
  ('E555', 'M274', 'SM139', 'LM96',  'C96'),
  ('E555', 'M274', 'SM139', 'LM96',  'C96'),
  ('E555', 'M274', 'SM139', 'LM96',  'C96'),
  ('E555', 'M274', 'SM139', 'LM96',  'C96'),
  ('E556', 'M275', 'SM139', 'LM96',  'C96'),
  ('E557', 'M276', 'SM140', 'LM97',  'C97'),
  ('E558', 'M277', 'SM141', 'LM98',  'C98'),
  ('E559', 'M277', 'SM141', 'LM98',  'C98'),
  ('E560', 'M277', 'SM141', 'LM98',  'C98'),
  ('E560', 'M277', 'SM141', 'LM98',  'C98'),
  ('E561', 'M278', 'SM141', 'LM98',  'C98'),
  ('E561', 'M278', 'SM141', 'LM98',  'C98'),
  ('E561', 'M278', 'SM141', 'LM98',  'C98'),
  ('E561', 'M278', 'SM141', 'LM98',  'C98'),
  ('E561', 'M278', 'SM141', 'LM98',  'C98'),
  ('E561', 'M278', 'SM141', 'LM98',  'C98'),
  ('E562', 'M278', 'SM141', 'LM98',  'C98'),
  ('E562', 'M278', 'SM141', 'LM98',  'C98'),
  ('E562', 'M278', 'SM141', 'LM98',  'C98'),
  ('E563', 'M279', 'SM142', 'LM99',  'C99'),
  ('E563', 'M279', 'SM142', 'LM99',  'C99'),
  ('E563', 'M279', 'SM142', 'LM99',  'C99'),
  ('E564', 'M279', 'SM142', 'LM99',  'C99'),
  ('E564', 'M279', 'SM142', 'LM99',  'C99'),
  ('E564', 'M279', 'SM142', 'LM99',  'C99'),
  ('E564', 'M279', 'SM142', 'LM99',  'C99'),
  ('E565', 'M279', 'SM142', 'LM99',  'C99'),
  ('E565', 'M279', 'SM142', 'LM99',  'C99'),
  ('E565', 'M279', 'SM142', 'LM99',  'C99'),
  ('E565', 'M279', 'SM142', 'LM99',  'C99'),
  ('E565', 'M279', 'SM142', 'LM99',  'C99'),
  ('E565', 'M279', 'SM142', 'LM99',  'C99'),
  ('E566', 'M280', 'SM142', 'LM99',  'C99'),
  ('E567', 'M280', 'SM142', 'LM99',  'C99'),
  ('E567', 'M280', 'SM142', 'LM99',  'C99'),
  ('E567', 'M280', 'SM142', 'LM99',  'C99'),
  ('E568', 'M280', 'SM142', 'LM99',  'C99'),
  ('E568', 'M280', 'SM142', 'LM99',  'C99'),
  ('E568', 'M280', 'SM142', 'LM99',  'C99'),
  ('E568', 'M280', 'SM142', 'LM99',  'C99'),
  ('E568', 'M280', 'SM142', 'LM99',  'C99'),
  ('E568', 'M280', 'SM142', 'LM99',  'C99'),
  ('E569', 'M281', 'SM143', 'LM100', 'C100'),
  ('E570', 'M281', 'SM143', 'LM100', 'C100'),
  ('E571', 'M282', 'SM144', 'LM100', 'C100'),
  ('E571', 'M282', 'SM144', 'LM100', 'C100'),
  ('E572', 'M282', 'SM144', 'LM100', 'C100'),
  ('E572', 'M282', 'SM144', 'LM100', 'C100'),
  ('E572', 'M282', 'SM144', 'LM100', 'C100'),
  ('E572', 'M282', 'SM144', 'LM100', 'C100'),
  ('E572', 'M282', 'SM144', 'LM100', 'C100'),
  ('E573', 'M282', 'SM144', 'LM100', 'C100'),
  ('E574', 'M283', 'SM144', 'LM100', 'C100'),
  ('E574', 'M283', 'SM144', 'LM100', 'C100'),
  ('E575', 'M283', 'SM144', 'LM100', 'C100'),
  ('E576', 'M283', 'SM144', 'LM100', 'C100'),
  ('E576', 'M283', 'SM144', 'LM100', 'C100'),
  ('E577', 'M284', 'SM144', 'LM100', 'C100'),
  ('E577', 'M284', 'SM144', 'LM100', 'C100'),
  ('E577', 'M284', 'SM144', 'LM100', 'C100'),
  ('E577', 'M284', 'SM144', 'LM100', 'C100'),
  ('E577', 'M284', 'SM144', 'LM100', 'C100'),
  ('E577', 'M284', 'SM144', 'LM100', 'C100'),
  ('E578', 'M284', 'SM144', 'LM100', 'C100'),
  ('E578', 'M284', 'SM144', 'LM100', 'C100'),
  ('E578', 'M284', 'SM144', 'LM100', 'C100'),
  ('E578', 'M284', 'SM144', 'LM100', 'C100');


